time,joint_0,joint_1,joint_2,joint_3,joint_4,joint_5,joint_6,joint_7,joint_8,joint_9,joint_10,joint_11,joint_12,joint_13,joint_14,joint_15,joint_16,joint_17,joint_18,joint_19,joint_20,joint_21,joint_22,joint_23,joint_24,joint_25
0.0,-0.01867,-0.00196,-0.376,0.676,-0.352,-0.0198,-0.016,-0.0008,-0.376,0.676,-0.352,0.016,0.0,0.0,0.0,-0.0,0.0,0.0,0.0,0.0,0.0,0.0,-0.2,0.0,0.0,0.0
0.02004008016032064,-0.01867,-0.00196,-0.376,0.676,-0.352,-0.0198,-0.016,-0.0008,-0.376,0.676,-0.352,0.016,0.031458093051443085,0.0,0.0,-0.0377497116617317,0.0,0.0,0.0,0.0,0.0,0.0,-0.2,0.0,0.0,0.0
0.04008016032064128,-0.01867,-0.00196,-0.376,0.676,-0.352,-0.0198,-0.016,-0.0008,-0.376,0.676,-0.352,0.016,0.062791537449306,0.0,0.0,-0.0753498449391672,0.0,0.0,0.0,0.0,0.0,0.0,-0.2,0.0,0.0,0.0
0.06012024048096192,-0.01867,-0.00196,-0.376,0.676,-0.352,-0.0198,-0.016,-0.0008,-0.376,0.676,-0.352,0.016,0.09387617844428986,0.0,0.0,-0.11265141413314783,0.0,0.0,0.0,0.0,0.0,0.0,-0.2,0.0,0.0,0.0
0.08016032064128256,-0.01867,-0.00196,-0.376,0.676,-0.352,-0.0198,-0.016,-0.0008,-0.376,0.676,-0.352,0.016,0.12458884713862609,0.0,0.0,-0.1495066165663513,0.0,0.0,0.0,0.0,0.0,0.0,-0.2,0.0,0.0,0.0
0.1002004008016032,-0.01867,-0.00196,-0.376,0.676,-0.352,-0.0198,-0.016,-0.0008,-0.376,0.676,-0.352,0.016,0.1548078485270153,0.0,0.0,-0.18576941823241835,0.0,0.0,0.0,0.0,0.0,0.0,-0.2,0.0,0.0,0.0
0.12024048096192384,-0.01867,-0.00196,-0.376,0.676,-0.352,-0.0198,-0.016,-0.0008,-0.376,0.676,-0.352,0.016,0.18441344369745674,0.0,0.0,-0.2212961324369481,0.0,0.0,0.0,0.0,0.0,0.0,-0.2,0.0,0.0,0.0
0.1402805611222445,-0.01867,-0.00196,-0.376,0.676,-0.352,-0.0198,-0.016,-0.0008,-0.376,0.676,-0.352,0.016,0.21328832428130892,0.0,0.0,-0.2559459891375707,0.0,0.0,0.0,0.0,0.0,0.0,-0.2,0.0,0.0,0.0
0.16032064128256512,-0.01867,-0.00196,-0.376,0.676,-0.352,-0.0198,-0.016,-0.0008,-0.376,0.676,-0.352,0.016,0.24131807727263477,0.0,0.0,-0.2895816927271617,0.0,0.0,0.0,0.0,0.0,0.0,-0.2,0.0,0.0,0.0
0.18036072144288576,-0.01867,-0.00196,-0.376,0.676,-0.352,-0.0198,-0.016,-0.0008,-0.376,0.676,-0.352,0.016,0.26839163837504343,0.0,0.0,-0.3220699660500521,0.0,0.0,0.0,0.0,0.0,0.0,-0.2,0.0,0.0,0.0
0.2004008016032064,-0.01867,-0.00196,-0.376,0.676,-0.352,-0.0198,-0.016,-0.0008,-0.376,0.676,-0.352,0.016,0.2944017320797012,0.0,0.0,-0.35328207849564147,0.0,0.0,0.0,0.0,0.0,0.0,-0.2,0.0,0.0,0.0
0.22044088176352705,-0.01867,-0.00196,-0.376,0.676,-0.352,-0.0198,-0.016,-0.0008,-0.376,0.676,-0.352,0.016,0.3192452967307576,0.0,0.0,-0.38309435607690906,0.0,0.0,0.0,0.0,0.0,0.0,-0.2,0.0,0.0,0.0
0.24048096192384769,-0.01867,-0.00196,-0.376,0.676,-0.352,-0.0198,-0.016,-0.0008,-0.376,0.676,-0.352,0.016,0.34282389289392057,0.0,0.0,-0.4113886714727047,0.0,0.0,0.0,0.0,0.0,0.0,-0.2,0.0,0.0,0.0
0.2605210420841683,-0.01867,-0.00196,-0.376,0.676,-0.352,-0.0198,-0.016,-0.0008,-0.376,0.676,-0.352,0.016,0.36504409341007277,0.0,0.0,-0.4380529120920873,0.0,0.0,0.0,0.0,0.0,0.0,-0.2,0.0,0.0,0.0
0.280561122244489,-0.01867,-0.00196,-0.376,0.676,-0.352,-0.0198,-0.016,-0.0008,-0.376,0.676,-0.352,0.016,0.38581785358839044,0.0,0.0,-0.4629814243060685,0.0,0.0,0.0,0.0,0.0,0.0,-0.2,0.0,0.0,0.0
0.3006012024048096,-0.01867,-0.00196,-0.376,0.676,-0.352,-0.0198,-0.016,-0.0008,-0.376,0.676,-0.352,0.016,0.40506286007212333,0.0,0.0,-0.48607543208654796,0.0,0.0,0.0,0.0,0.0,0.0,-0.2,0.0,0.0,0.0
0.32064128256513025,-0.01867,-0.00196,-0.376,0.676,-0.352,-0.0198,-0.016,-0.0008,-0.376,0.676,-0.352,0.016,0.42270285699469956,0.0,0.0,-0.5072434283936395,0.0,0.0,0.0,0.0,0.0,0.0,-0.2,0.0,0.0,0.0
0.3406813627254509,-0.01867,-0.00196,-0.376,0.676,-0.352,-0.0198,-0.016,-0.0008,-0.376,0.676,-0.352,0.016,0.4386679481338031,0.0,0.0,-0.5264015377605638,0.0,0.0,0.0,0.0,0.0,0.0,-0.2,0.0,0.0,0.0
0.3607214428857715,-0.01867,-0.00196,-0.376,0.676,-0.352,-0.0198,-0.016,-0.0008,-0.376,0.676,-0.352,0.016,0.45289487386617844,0.0,0.0,-0.5434738486394141,0.0,0.0,0.0,0.0,0.0,0.0,-0.2,0.0,0.0,0.0
0.3807615230460922,-0.01867,-0.00196,-0.376,0.676,-0.352,-0.0198,-0.016,-0.0008,-0.376,0.676,-0.352,0.016,0.46532726182576306,0.0,0.0,-0.5583927141909156,0.0,0.0,0.0,0.0,0.0,0.0,-0.2,0.0,0.0,0.0
0.4008016032064128,-0.01867,-0.00196,-0.376,0.676,-0.352,-0.0198,-0.016,-0.0008,-0.376,0.676,-0.352,0.016,0.4759158502719481,0.0,0.0,-0.5710990203263377,0.0,0.0,0.0,0.0,0.0,0.0,-0.2,0.0,0.0,0.0
0.42084168336673344,-0.01867,-0.00196,-0.376,0.676,-0.352,-0.0198,-0.016,-0.0008,-0.376,0.676,-0.352,0.016,0.4846186832828989,0.0,0.0,-0.5815424199394786,0.0,0.0,0.0,0.0,0.0,0.0,-0.2,0.0,0.0,0.0
0.4408817635270541,-0.01867,-0.00196,-0.376,0.676,-0.352,-0.0198,-0.016,-0.0008,-0.376,0.676,-0.352,0.016,0.4914012770005072,0.0,0.0,-0.5896815324006086,0.0,0.0,0.0,0.0,0.0,0.0,-0.2,0.0,0.0,0.0
0.4609218436873747,-0.01867,-0.00196,-0.376,0.676,-0.352,-0.0198,-0.016,-0.0008,-0.376,0.676,-0.352,0.016,0.4962367562682495,0.0,0.0,-0.5954841075218994,0.0,0.0,0.0,0.0,0.0,0.0,-0.2,0.0,0.0,0.0
0.48096192384769537,-0.01867,-0.00196,-0.376,0.676,-0.352,-0.0198,-0.016,-0.0008,-0.376,0.676,-0.352,0.016,0.499105961120544,0.0,0.0,-0.5989271533446527,0.0,0.0,0.0,0.0,0.0,0.0,-0.2,0.0,0.0,0.0
0.501002004008016,-0.01867,-0.00196,-0.376,0.676,-0.352,-0.0198,-0.016,-0.0008,-0.376,0.676,-0.352,0.016,0.49999752270165304,0.0,0.0,-0.5999970272419837,0.0,0.0,0.0,0.0,0.0,0.0,-0.2,0.0,0.0,0.0
0.5210420841683366,-0.01867,-0.00196,-0.376,0.676,-0.352,-0.0198,-0.016,-0.0008,-0.376,0.676,-0.352,0.016,0.4989079083133139,0.0,0.0,-0.5986894899759766,0.0,0.0,0.0,0.0,0.0,0.0,-0.2,0.0,0.0,0.0
0.5410821643286573,-0.01867,-0.00196,-0.376,0.676,-0.352,-0.0198,-0.016,-0.0008,-0.376,0.676,-0.352,0.016,0.49584143541260217,0.0,0.0,-0.5950097224951226,0.0,0.0,0.0,0.0,0.0,0.0,-0.2,0.0,0.0,0.0
0.561122244488978,-0.01867,-0.00196,-0.376,0.676,-0.352,-0.0198,-0.016,-0.0008,-0.376,0.676,-0.352,0.016,0.4908102545045624,0.0,0.0,-0.5889723054054748,0.0,0.0,0.0,0.0,0.0,0.0,-0.2,0.0,0.0,0.0
0.5811623246492986,-0.01867,-0.00196,-0.376,0.676,-0.352,-0.0198,-0.016,-0.0008,-0.376,0.676,-0.352,0.016,0.4838343009973924,0.0,0.0,-0.5806011611968709,0.0,0.0,0.0,0.0,0.0,0.0,-0.2,0.0,0.0,0.0
0.6012024048096192,-0.01867,-0.00196,-0.376,0.676,-0.352,-0.0198,-0.016,-0.0008,-0.376,0.676,-0.352,0.016,0.4749412162109486,0.0,0.0,-0.5699294594531383,0.0,0.0,0.0,0.0,0.0,0.0,-0.2,0.0,0.0,0.0
0.6212424849699398,-0.01867,-0.00196,-0.376,0.676,-0.352,-0.0198,-0.016,-0.0008,-0.376,0.676,-0.352,0.016,0.46416623785156585,0.0,0.0,-0.556999485421879,0.0,0.0,0.0,0.0,0.0,0.0,-0.2,0.0,0.0,0.0
0.6412825651302605,-0.01867,-0.00196,-0.376,0.676,-0.352,-0.0198,-0.016,-0.0008,-0.376,0.676,-0.352,0.016,0.45155206038717194,0.0,0.0,-0.5418624724646063,0.0,0.0,0.0,0.0,0.0,0.0,-0.2,0.0,0.0,0.0
0.6613226452905812,-0.01867,-0.00196,-0.376,0.676,-0.352,-0.0198,-0.016,-0.0008,-0.376,0.676,-0.352,0.016,0.4371486658759415,0.0,0.0,-0.5245783990511298,0.0,0.0,0.0,0.0,0.0,0.0,-0.2,0.0,0.0,0.0
0.6813627254509018,-0.01867,-0.00196,-0.376,0.676,-0.352,-0.0198,-0.016,-0.0008,-0.376,0.676,-0.352,0.016,0.4210131259188094,0.0,0.0,-0.5052157511025712,0.0,0.0,0.0,0.0,0.0,0.0,-0.2,0.0,0.0,0.0
0.7014028056112224,-0.01867,-0.00196,-0.376,0.676,-0.352,-0.0198,-0.016,-0.0008,-0.376,0.676,-0.352,0.016,0.4032093755205823,0.0,0.0,-0.4838512506246987,0.0,0.0,0.0,0.0,0.0,0.0,-0.2,0.0,0.0,0.0
0.721442885771543,-0.01867,-0.00196,-0.376,0.676,-0.352,-0.0198,-0.016,-0.0008,-0.376,0.676,-0.352,0.016,0.3838079597556925,0.0,0.0,-0.46056955170683095,0.0,0.0,0.0,0.0,0.0,0.0,-0.2,0.0,0.0,0.0
0.7414829659318637,-0.01867,-0.00196,-0.376,0.676,-0.352,-0.0198,-0.016,-0.0008,-0.376,0.676,-0.352,0.016,0.36288575424240094,0.0,0.0,-0.4354629050908811,0.0,0.0,0.0,0.0,0.0,0.0,-0.2,0.0,0.0,0.0
0.7615230460921844,-0.01867,-0.00196,-0.376,0.676,-0.352,-0.0198,-0.016,-0.0008,-0.376,0.676,-0.352,0.016,0.3405256605330332,0.0,0.0,-0.4086307926396398,0.0,0.0,0.0,0.0,0.0,0.0,-0.2,0.0,0.0,0.0
0.781563126252505,-0.01867,-0.00196,-0.376,0.676,-0.352,-0.0198,-0.016,-0.0008,-0.376,0.676,-0.352,0.016,0.3168162776272245,0.0,0.0,-0.38017953315266934,0.0,0.0,0.0,0.0,0.0,0.0,-0.2,0.0,0.0,0.0
0.8016032064128256,-0.01867,-0.00196,-0.376,0.676,-0.352,-0.0198,-0.016,-0.0008,-0.376,0.676,-0.352,0.016,0.29185155090976345,0.0,0.0,-0.3502218610917161,0.0,0.0,0.0,0.0,0.0,0.0,-0.2,0.0,0.0,0.0
0.8216432865731462,-0.01867,-0.00196,-0.376,0.676,-0.352,-0.0198,-0.016,-0.0008,-0.376,0.676,-0.352,0.016,0.2657303999040693,0.0,0.0,-0.31887647988488316,0.0,0.0,0.0,0.0,0.0,0.0,-0.2,0.0,0.0,0.0
0.8416833667334669,-0.01867,-0.00196,-0.376,0.676,-0.352,-0.0198,-0.016,-0.0008,-0.376,0.676,-0.352,0.016,0.23855632631628473,0.0,0.0,-0.2862675915795417,0.0,0.0,0.0,0.0,0.0,0.0,-0.2,0.0,0.0,0.0
0.8617234468937875,-0.01867,-0.00196,-0.376,0.676,-0.352,-0.0198,-0.016,-0.0008,-0.376,0.676,-0.352,0.016,0.21043700392305836,0.0,0.0,-0.25252440470767,0.0,0.0,0.0,0.0,0.0,0.0,-0.2,0.0,0.0,0.0
0.8817635270541082,-0.01867,-0.00196,-0.376,0.676,-0.352,-0.0198,-0.016,-0.0008,-0.376,0.676,-0.352,0.016,0.18148385192803237,0.0,0.0,-0.21778062231363884,0.0,0.0,0.0,0.0,0.0,0.0,-0.2,0.0,0.0,0.0
0.9018036072144289,-0.01867,-0.00196,-0.376,0.676,-0.352,-0.0198,-0.016,-0.0008,-0.376,0.676,-0.352,0.016,0.15181159347755852,0.0,0.0,-0.18217391217307022,0.0,0.0,0.0,0.0,0.0,0.0,-0.2,0.0,0.0,0.0
0.9218436873747494,-0.01867,-0.00196,-0.376,0.676,-0.352,-0.0198,-0.016,-0.0008,-0.376,0.676,-0.352,0.016,0.12153780108496424,0.0,0.0,-0.14584536130195708,0.0,0.0,0.0,0.0,0.0,0.0,-0.2,0.0,0.0,0.0
0.9418837675350701,-0.01867,-0.00196,-0.376,0.676,-0.352,-0.0198,-0.016,-0.0008,-0.376,0.676,-0.352,0.016,0.09078243076456693,0.0,0.0,-0.10893891691748032,0.0,0.0,0.0,0.0,0.0,0.0,-0.2,0.0,0.0,0.0
0.9619238476953907,-0.01867,-0.00196,-0.376,0.676,-0.352,-0.0198,-0.016,-0.0008,-0.376,0.676,-0.352,0.016,0.05966734672137551,0.0,0.0,-0.07160081606565061,0.0,0.0,0.0,0.0,0.0,0.0,-0.2,0.0,0.0,0.0
0.9819639278557114,-0.01867,-0.00196,-0.376,0.676,-0.352,-0.0198,-0.016,-0.0008,-0.376,0.676,-0.352,0.016,0.02831583847982751,0.0,0.0,-0.03397900617579301,0.0,0.0,0.0,0.0,0.0,0.0,-0.2,0.0,0.0,0.0
1.002004008016032,-0.01867,-0.00196,-0.376,0.676,-0.352,-0.0198,-0.016,-0.0008,-0.376,0.676,-0.352,0.016,-0.0031478676351177175,0.0,0.0,0.003777441162141261,0.0,0.0,0.0,0.0,0.0,0.0,-0.2,0.0,0.0,0.0
1.0220440881763526,-0.01867,-0.00196,-0.376,0.676,-0.352,-0.0198,-0.016,-0.0008,-0.376,0.676,-0.352,0.016,-0.03459910072883676,0.0,0.0,0.04151892087460411,0.0,0.0,0.0,0.0,0.0,0.0,-0.2,0.0,0.0,0.0
1.0420841683366733,-0.01867,-0.00196,-0.376,0.676,-0.352,-0.0198,-0.016,-0.0008,-0.376,0.676,-0.352,0.016,-0.06591323932945113,0.0,0.0,0.07909588719534136,0.0,0.0,0.0,0.0,0.0,0.0,-0.2,0.0,0.0,0.0
1.062124248496994,-0.01867,-0.00196,-0.376,0.676,-0.352,-0.0198,-0.016,-0.0008,-0.376,0.676,-0.352,0.016,-0.09696620518440388,0.0,0.0,0.11635944622128465,0.0,0.0,0.0,0.0,0.0,0.0,-0.2,0.0,0.0,0.0
1.0821643286573146,-0.01867,-0.00196,-0.376,0.676,-0.352,-0.0198,-0.016,-0.0008,-0.376,0.676,-0.352,0.016,-0.12763495490460058,0.0,0.0,0.1531619458855207,0.0,0.0,0.0,0.0,0.0,0.0,-0.2,0.0,0.0,0.0
1.1022044088176353,-0.01867,-0.00196,-0.376,0.676,-0.352,-0.0198,-0.016,-0.0008,-0.376,0.676,-0.352,0.016,-0.15779796750803687,0.0,0.0,0.18935756100964424,0.0,0.0,0.0,0.0,0.0,0.0,-0.2,0.0,0.0,0.0
1.122244488977956,-0.01867,-0.00196,-0.376,0.676,-0.352,-0.0198,-0.016,-0.0008,-0.376,0.676,-0.352,0.016,-0.1873357259310813,0.0,0.0,0.22480287111729755,0.0,0.0,0.0,0.0,0.0,0.0,-0.2,0.0,0.0,0.0
1.1422845691382766,-0.01867,-0.00196,-0.376,0.676,-0.352,-0.0198,-0.016,-0.0008,-0.376,0.676,-0.352,0.016,-0.21613119059949218,0.0,0.0,0.2593574287193906,0.0,0.0,0.0,0.0,0.0,0.0,-0.2,0.0,0.0,0.0
1.1623246492985972,-0.01867,-0.00196,-0.376,0.676,-0.352,-0.0198,-0.016,-0.0008,-0.376,0.676,-0.352,0.016,-0.24407026318269762,0.0,0.0,0.29288431581923713,0.0,0.0,0.0,0.0,0.0,0.0,-0.2,0.0,0.0,0.0
1.1823647294589177,-0.01867,-0.00196,-0.376,0.676,-0.352,-0.0198,-0.016,-0.0008,-0.376,0.676,-0.352,0.016,-0.271042238693778,0.0,0.0,0.32525068643253363,0.0,0.0,0.0,0.0,0.0,0.0,-0.2,0.0,0.0,0.0
1.2024048096192383,-0.01867,-0.00196,-0.376,0.676,-0.352,-0.0198,-0.016,-0.0008,-0.376,0.676,-0.352,0.016,-0.2969402441437592,0.0,0.0,0.356328292972511,0.0,0.0,0.0,0.0,0.0,0.0,-0.2,0.0,0.0,0.0
1.222444889779559,-0.01867,-0.00196,-0.376,0.676,-0.352,-0.0198,-0.016,-0.0008,-0.376,0.676,-0.352,0.016,-0.32166166201210405,0.0,0.0,0.38599399441452487,0.0,0.0,0.0,0.0,0.0,0.0,-0.2,0.0,0.0,0.0
1.2424849699398797,-0.01867,-0.00196,-0.376,0.676,-0.352,-0.0198,-0.016,-0.0008,-0.376,0.676,-0.352,0.016,-0.34510853685545984,0.0,0.0,0.4141302442265518,0.0,0.0,0.0,0.0,0.0,0.0,-0.2,0.0,0.0,0.0
1.2625250501002003,-0.01867,-0.00196,-0.376,0.676,-0.352,-0.0198,-0.016,-0.0008,-0.376,0.676,-0.352,0.016,-0.3671879634435223,0.0,0.0,0.4406255561322267,0.0,0.0,0.0,0.0,0.0,0.0,-0.2,0.0,0.0,0.0
1.282565130260521,-0.01867,-0.00196,-0.376,0.676,-0.352,-0.0198,-0.016,-0.0008,-0.376,0.676,-0.352,0.016,-0.387812454884078,0.0,0.0,0.46537494586089356,0.0,0.0,0.0,0.0,0.0,0.0,-0.2,0.0,0.0,0.0
1.3026052104208417,-0.01867,-0.00196,-0.376,0.676,-0.352,-0.0198,-0.016,-0.0008,-0.376,0.676,-0.352,0.016,-0.40690028927857963,0.0,0.0,0.4882803471342955,0.0,0.0,0.0,0.0,0.0,0.0,-0.2,0.0,0.0,0.0
1.3226452905811623,-0.01867,-0.00196,-0.376,0.676,-0.352,-0.0198,-0.016,-0.0008,-0.376,0.676,-0.352,0.016,-0.4243758335346734,0.0,0.0,0.5092510002416081,0.0,0.0,0.0,0.0,0.0,0.0,-0.2,0.0,0.0,0.0
1.342685370741483,-0.01867,-0.00196,-0.376,0.676,-0.352,-0.0198,-0.016,-0.0008,-0.376,0.676,-0.352,0.016,-0.4401698430526141,0.0,0.0,0.5282038116631369,0.0,0.0,0.0,0.0,0.0,0.0,-0.2,0.0,0.0,0.0
1.3627254509018036,-0.01867,-0.00196,-0.376,0.676,-0.352,-0.0198,-0.016,-0.0008,-0.376,0.676,-0.352,0.016,-0.4542197360980977,0.0,0.0,0.5450636833177172,0.0,0.0,0.0,0.0,0.0,0.0,-0.2,0.0,0.0,0.0
1.3827655310621243,-0.01867,-0.00196,-0.376,0.676,-0.352,-0.0198,-0.016,-0.0008,-0.376,0.676,-0.352,0.016,-0.46646984177434747,0.0,0.0,0.5597638101292169,0.0,0.0,0.0,0.0,0.0,0.0,-0.2,0.0,0.0,0.0
1.4028056112224447,-0.01867,-0.00196,-0.376,0.676,-0.352,-0.0198,-0.016,-0.0008,-0.376,0.676,-0.352,0.016,-0.476871620610892,0.0,0.0,0.5722459447330703,0.0,0.0,0.0,0.0,0.0,0.0,-0.2,0.0,0.0,0.0
1.4228456913827654,-0.01867,-0.00196,-0.376,0.676,-0.352,-0.0198,-0.016,-0.0008,-0.376,0.676,-0.352,0.016,-0.48538385689498303,0.0,0.0,0.5824606282739796,0.0,0.0,0.0,0.0,0.0,0.0,-0.2,0.0,0.0,0.0
1.442885771543086,-0.01867,-0.00196,-0.376,0.676,-0.352,-0.0198,-0.016,-0.0008,-0.376,0.676,-0.352,0.016,-0.49197282198356423,0.0,0.0,0.5903673863802771,0.0,0.0,0.0,0.0,0.0,0.0,-0.2,0.0,0.0,0.0
1.4629258517034067,-0.01867,-0.00196,-0.376,0.676,-0.352,-0.0198,-0.016,-0.0008,-0.376,0.676,-0.352,0.016,-0.49661240794868716,0.0,0.0,0.5959348895384246,0.0,0.0,0.0,0.0,0.0,0.0,-0.2,0.0,0.0,0.0
1.4829659318637274,-0.01867,-0.00196,-0.376,0.676,-0.352,-0.0198,-0.016,-0.0008,-0.376,0.676,-0.352,0.016,-0.49928423102682323,0.0,0.0,0.5991410772321879,0.0,0.0,0.0,0.0,0.0,0.0,-0.2,0.0,0.0,0.0
1.503006012024048,-0.01867,-0.00196,-0.376,0.676,-0.352,-0.0198,-0.016,-0.0008,-0.376,0.676,-0.352,0.016,-0.4999777044621652,0.0,0.0,0.5999732453545983,0.0,0.0,0.0,0.0,0.0,0.0,-0.2,0.0,0.0,0.0
1.5230460921843687,-0.01867,-0.00196,-0.376,0.676,-0.352,-0.0198,-0.016,-0.0008,-0.376,0.676,-0.352,0.016,-0.49869008045528773,0.0,0.0,0.5984280965463452,0.0,0.0,0.0,0.0,0.0,0.0,-0.2,0.0,0.0,0.0
1.5430861723446894,-0.01867,-0.00196,-0.376,0.676,-0.352,-0.0198,-0.016,-0.0008,-0.376,0.676,-0.352,0.016,-0.4954264610509496,0.0,0.0,0.5945117532611395,0.0,0.0,0.0,0.0,0.0,0.0,-0.2,0.0,0.0,0.0
1.56312625250501,-0.01867,-0.00196,-0.376,0.676,-0.352,-0.0198,-0.016,-0.0008,-0.376,0.676,-0.352,0.016,-0.4901997779218968,0.0,0.0,0.5882397335062761,0.0,0.0,0.0,0.0,0.0,0.0,-0.2,0.0,0.0,0.0
1.5831663326653307,-0.01867,-0.00196,-0.376,0.676,-0.352,-0.0198,-0.016,-0.0008,-0.376,0.676,-0.352,0.016,-0.4830307411287695,0.0,0.0,0.5796368893545234,0.0,0.0,0.0,0.0,0.0,0.0,-0.2,0.0,0.0,0.0
1.6032064128256511,-0.01867,-0.00196,-0.376,0.676,-0.352,-0.0198,-0.016,-0.0008,-0.376,0.676,-0.352,0.016,-0.4739477570591473,0.0,0.0,0.5687373084709768,0.0,0.0,0.0,0.0,0.0,0.0,-0.2,0.0,0.0,0.0
1.6232464929859718,-0.01867,-0.00196,-0.376,0.676,-0.352,-0.0198,-0.016,-0.0008,-0.376,0.676,-0.352,0.016,-0.46298681587088614,0.0,0.0,0.5555841790450633,0.0,0.0,0.0,0.0,0.0,0.0,-0.2,0.0,0.0,0.0
1.6432865731462925,-0.01867,-0.00196,-0.376,0.676,-0.352,-0.0198,-0.016,-0.0008,-0.376,0.676,-0.352,0.016,-0.45019134888574014,0.0,0.0,0.5402296186628881,0.0,0.0,0.0,0.0,0.0,0.0,-0.2,0.0,0.0,0.0
1.6633266533066131,-0.01867,-0.00196,-0.376,0.676,-0.352,-0.0198,-0.016,-0.0008,-0.376,0.676,-0.352,0.016,-0.4356120564983267,0.0,0.0,0.522734467797992,0.0,0.0,0.0,0.0,0.0,0.0,-0.2,0.0,0.0,0.0
1.6833667334669338,-0.01867,-0.00196,-0.376,0.676,-0.352,-0.0198,-0.016,-0.0008,-0.376,0.676,-0.352,0.016,-0.4193067072823253,0.0,0.0,0.5031680487387903,0.0,0.0,0.0,0.0,0.0,0.0,-0.2,0.0,0.0,0.0
1.7034068136272544,-0.01867,-0.00196,-0.376,0.676,-0.352,-0.0198,-0.016,-0.0008,-0.376,0.676,-0.352,0.016,-0.4013399090899219,0.0,0.0,0.48160789090790623,0.0,0.0,0.0,0.0,0.0,0.0,-0.2,0.0,0.0,0.0
1.723446893787575,-0.01867,-0.00196,-0.376,0.676,-0.352,-0.0198,-0.016,-0.0008,-0.376,0.676,-0.352,0.016,-0.38178285305149334,0.0,0.0,0.458139423661792,0.0,0.0,0.0,0.0,0.0,0.0,-0.2,0.0,0.0,0.0
1.7434869739478958,-0.01867,-0.00196,-0.376,0.676,-0.352,-0.0198,-0.016,-0.0008,-0.376,0.676,-0.352,0.016,-0.36071303148989553,0.0,0.0,0.4328556377878746,0.0,0.0,0.0,0.0,0.0,0.0,-0.2,0.0,0.0,0.0
1.7635270541082164,-0.01867,-0.00196,-0.376,0.676,-0.352,-0.0198,-0.016,-0.0008,-0.376,0.676,-0.352,0.016,-0.33821393086708756,0.0,0.0,0.4058567170405051,0.0,0.0,0.0,0.0,0.0,0.0,-0.2,0.0,0.0,0.0
1.783567134268537,-0.01867,-0.00196,-0.376,0.676,-0.352,-0.0198,-0.016,-0.0008,-0.376,0.676,-0.352,0.016,-0.31437470097974657,0.0,0.0,0.37724964117569587,0.0,0.0,0.0,0.0,0.0,0.0,-0.2,0.0,0.0,0.0
1.8036072144288577,-0.01867,-0.00196,-0.376,0.676,-0.352,-0.0198,-0.016,-0.0008,-0.376,0.676,-0.352,0.016,-0.28928980171464885,0.0,0.0,0.34714776205757863,0.0,0.0,0.0,0.0,0.0,0.0,-0.2,0.0,0.0,0.0
1.8236472945891782,-0.01867,-0.00196,-0.376,0.676,-0.352,-0.0198,-0.016,-0.0008,-0.376,0.676,-0.352,0.016,-0.2630586287635011,0.0,0.0,0.31567035451620135,0.0,0.0,0.0,0.0,0.0,0.0,-0.2,0.0,0.0,0.0
1.8436873747494988,-0.01867,-0.00196,-0.376,0.676,-0.352,-0.0198,-0.016,-0.0008,-0.376,0.676,-0.352,0.016,-0.23578511978027383,0.0,0.0,0.2829421437363286,0.0,0.0,0.0,0.0,0.0,0.0,-0.2,0.0,0.0,0.0
1.8637274549098195,-0.01867,-0.00196,-0.376,0.676,-0.352,-0.0198,-0.016,-0.0008,-0.376,0.676,-0.352,0.016,-0.2075773425415995,0.0,0.0,0.2490928110499194,0.0,0.0,0.0,0.0,0.0,0.0,-0.2,0.0,0.0,0.0
1.8837675350701402,-0.01867,-0.00196,-0.376,0.676,-0.352,-0.0198,-0.016,-0.0008,-0.376,0.676,-0.352,0.016,-0.1785470667420863,0.0,0.0,0.21425648009050358,0.0,0.0,0.0,0.0,0.0,0.0,-0.2,0.0,0.0,0.0
1.9038076152304608,-0.01867,-0.00196,-0.376,0.676,-0.352,-0.0198,-0.016,-0.0008,-0.376,0.676,-0.352,0.016,-0.1488093211212557,0.0,0.0,0.17857118534550684,0.0,0.0,0.0,0.0,0.0,0.0,-0.2,0.0,0.0,0.0
1.9238476953907815,-0.01867,-0.00196,-0.376,0.676,-0.352,-0.0198,-0.016,-0.0008,-0.376,0.676,-0.352,0.016,-0.11848193767693642,0.0,0.0,0.1421783252123237,0.0,0.0,0.0,0.0,0.0,0.0,-0.2,0.0,0.0,0.0
1.9438877755511021,-0.01867,-0.00196,-0.376,0.676,-0.352,-0.0198,-0.016,-0.0008,-0.376,0.676,-0.352,0.016,-0.08768508477110731,0.0,0.0,0.10522210172532877,0.0,0.0,0.0,0.0,0.0,0.0,-0.2,0.0,0.0,0.0
1.9639278557114228,-0.01867,-0.00196,-0.376,0.676,-0.352,-0.0198,-0.016,-0.0008,-0.376,0.676,-0.352,0.016,-0.056540790978193665,0.0,0.0,0.0678489491738324,0.0,0.0,0.0,0.0,0.0,0.0,-0.2,0.0,0.0,0.0
1.9839679358717435,-0.01867,-0.00196,-0.376,0.676,-0.352,-0.0198,-0.016,-0.0008,-0.376,0.676,-0.352,0.016,-0.02517246156251468,0.0,0.0,0.030206953875017616,0.0,0.0,0.0,0.0,0.0,0.0,-0.2,0.0,0.0,0.0
2.004008016032064,-0.01867,-0.00196,-0.376,0.676,-0.352,-0.0198,-0.016,-0.0008,-0.376,0.676,-0.352,0.016,0.006295610499227907,0.0,0.0,-0.0075547325990734885,0.0,0.0,0.0,0.0,0.0,0.0,-0.2,0.0,0.0,0.0
2.024048096192385,-0.01867,-0.00196,-0.376,0.676,-0.352,-0.0198,-0.016,-0.0008,-0.376,0.676,-0.352,0.016,0.037738737012907655,0.0,0.0,-0.04528648441548919,0.0,0.0,0.0,0.0,0.0,0.0,-0.2,0.0,0.0,0.0
2.0440881763527052,-0.01867,-0.00196,-0.376,0.676,-0.352,-0.0198,-0.016,-0.0008,-0.376,0.676,-0.352,0.016,0.06903232862792683,0.0,0.0,-0.08283879435351219,0.0,0.0,0.0,0.0,0.0,0.0,-0.2,0.0,0.0,0.0
2.064128256513026,-0.01867,-0.00196,-0.376,0.676,-0.352,-0.0198,-0.016,-0.0008,-0.376,0.676,-0.352,0.016,0.10005238850652247,0.0,0.0,-0.12006286620782695,0.0,0.0,0.0,0.0,0.0,0.0,-0.2,0.0,0.0,0.0
2.0841683366733466,-0.01867,-0.00196,-0.376,0.676,-0.352,-0.0198,-0.016,-0.0008,-0.376,0.676,-0.352,0.016,0.130676003645303,0.0,0.0,-0.15681120437436358,0.0,0.0,0.0,0.0,0.0,0.0,-0.2,0.0,0.0,0.0
2.1042084168336674,-0.01867,-0.00196,-0.376,0.676,-0.352,-0.0198,-0.016,-0.0008,-0.376,0.676,-0.352,0.016,0.160781831902248,0.0,0.0,-0.19293819828269762,0.0,0.0,0.0,0.0,0.0,0.0,-0.2,0.0,0.0,0.0
2.124248496993988,-0.01867,-0.00196,-0.376,0.676,-0.352,-0.0198,-0.016,-0.0008,-0.376,0.676,-0.352,0.016,0.19025058279935406,0.0,0.0,-0.22830069935922487,0.0,0.0,0.0,0.0,0.0,0.0,-0.2,0.0,0.0,0.0
2.1442885771543083,-0.01867,-0.00196,-0.376,0.676,-0.352,-0.0198,-0.016,-0.0008,-0.376,0.676,-0.352,0.016,0.21896549019583803,0.0,0.0,-0.26275858823500564,0.0,0.0,0.0,0.0,0.0,0.0,-0.2,0.0,0.0,0.0
2.164328657314629,-0.01867,-0.00196,-0.376,0.676,-0.352,-0.0198,-0.016,-0.0008,-0.376,0.676,-0.352,0.016,0.2468127749589737,0.0,0.0,-0.2961753299507684,0.0,0.0,0.0,0.0,0.0,0.0,-0.2,0.0,0.0,0.0
2.1843687374749496,-0.01867,-0.00196,-0.376,0.676,-0.352,-0.0198,-0.016,-0.0008,-0.376,0.676,-0.352,0.016,0.2736820957992891,0.0,0.0,-0.3284185149591469,0.0,0.0,0.0,0.0,0.0,0.0,-0.2,0.0,0.0,0.0
2.2044088176352705,-0.01867,-0.00196,-0.376,0.676,-0.352,-0.0198,-0.016,-0.0008,-0.376,0.676,-0.352,0.016,0.2994669864837593,0.0,0.0,-0.35936038378051116,0.0,0.0,0.0,0.0,0.0,0.0,-0.2,0.0,0.0,0.0
2.224448897795591,-0.01867,-0.00196,-0.376,0.676,-0.352,-0.0198,-0.016,-0.0008,-0.376,0.676,-0.352,0.016,0.3240652776945776,0.0,0.0,-0.38887833323349313,0.0,0.0,0.0,0.0,0.0,0.0,-0.2,0.0,0.0,0.0
2.244488977955912,-0.01867,-0.00196,-0.376,0.676,-0.352,-0.0198,-0.016,-0.0008,-0.376,0.676,-0.352,0.016,0.3473795018619602,0.0,0.0,-0.41685540223435225,0.0,0.0,0.0,0.0,0.0,0.0,-0.2,0.0,0.0,0.0
2.2645290581162323,-0.01867,-0.00196,-0.376,0.676,-0.352,-0.0198,-0.016,-0.0008,-0.376,0.676,-0.352,0.016,0.3693172793668688,0.0,0.0,-0.44318073524024254,0.0,0.0,0.0,0.0,0.0,0.0,-0.2,0.0,0.0,0.0
2.284569138276553,-0.01867,-0.00196,-0.376,0.676,-0.352,-0.0198,-0.016,-0.0008,-0.376,0.676,-0.352,0.016,0.389791684583391,0.0,0.0,-0.46775002150006917,0.0,0.0,0.0,0.0,0.0,0.0,-0.2,0.0,0.0,0.0
2.3046092184368736,-0.01867,-0.00196,-0.376,0.676,-0.352,-0.0198,-0.016,-0.0008,-0.376,0.676,-0.352,0.016,0.40872159031036587,0.0,0.0,-0.49046590837243903,0.0,0.0,0.0,0.0,0.0,0.0,-0.2,0.0,0.0,0.0
2.3246492985971945,-0.01867,-0.00196,-0.376,0.676,-0.352,-0.0198,-0.016,-0.0008,-0.376,0.676,-0.352,0.016,0.4260319892275032,0.0,0.0,-0.5112383870730038,0.0,0.0,0.0,0.0,0.0,0.0,-0.2,0.0,0.0,0.0
2.344689378757515,-0.01867,-0.00196,-0.376,0.676,-0.352,-0.0198,-0.016,-0.0008,-0.376,0.676,-0.352,0.016,0.44165429110225274,0.0,0.0,-0.5299851493227032,0.0,0.0,0.0,0.0,0.0,0.0,-0.2,0.0,0.0,0.0
2.3647294589178354,-0.01867,-0.00196,-0.376,0.676,-0.352,-0.0198,-0.016,-0.0008,-0.376,0.676,-0.352,0.016,0.455526594569795,0.0,0.0,-0.546631913483754,0.0,0.0,0.0,0.0,0.0,0.0,-0.2,0.0,0.0,0.0
2.3847695390781563,-0.01867,-0.00196,-0.376,0.676,-0.352,-0.0198,-0.016,-0.0008,-0.376,0.676,-0.352,0.016,0.4675939324092485,0.0,0.0,-0.5611127188910982,0.0,0.0,0.0,0.0,0.0,0.0,-0.2,0.0,0.0,0.0
2.4048096192384767,-0.01867,-0.00196,-0.376,0.676,-0.352,-0.0198,-0.016,-0.0008,-0.376,0.676,-0.352,0.016,0.47780848934422154,0.0,0.0,-0.5733701872130659,0.0,0.0,0.0,0.0,0.0,0.0,-0.2,0.0,0.0,0.0
2.4248496993987976,-0.01867,-0.00196,-0.376,0.676,-0.352,-0.0198,-0.016,-0.0008,-0.376,0.676,-0.352,0.016,0.48612979150470675,0.0,0.0,-0.5833557498056481,0.0,0.0,0.0,0.0,0.0,0.0,-0.2,0.0,0.0,0.0
2.444889779559118,-0.01867,-0.00196,-0.376,0.676,-0.352,-0.0198,-0.016,-0.0008,-0.376,0.676,-0.352,0.016,0.49252486679959073,0.0,0.0,-0.5910298401595089,0.0,0.0,0.0,0.0,0.0,0.0,-0.2,0.0,0.0,0.0
2.464929859719439,-0.01867,-0.00196,-0.376,0.676,-0.352,-0.0198,-0.016,-0.0008,-0.376,0.676,-0.352,0.016,0.49696837556433165,0.0,0.0,-0.5963620506771979,0.0,0.0,0.0,0.0,0.0,0.0,-0.2,0.0,0.0,0.0
2.4849699398797593,-0.01867,-0.00196,-0.376,0.676,-0.352,-0.0198,-0.016,-0.0008,-0.376,0.676,-0.352,0.016,0.4994427109661252,0.0,0.0,-0.5993312531593502,0.0,0.0,0.0,0.0,0.0,0.0,-0.2,0.0,0.0,0.0
2.50501002004008,-0.01867,-0.00196,-0.376,0.676,-0.352,-0.0198,-0.016,-0.0008,-0.376,0.676,-0.352,0.016,0.49993806876871866,0.0,0.0,-0.5999256825224624,0.0,0.0,0.0,0.0,0.0,0.0,-0.2,0.0,0.0,0.0
2.5250501002004007,-0.01867,-0.00196,-0.376,0.676,-0.352,-0.0198,-0.016,-0.0008,-0.376,0.676,-0.352,0.016,0.49845248618043764,0.0,0.0,-0.5981429834165252,0.0,0.0,0.0,0.0,0.0,0.0,-0.2,0.0,0.0,0.0
2.5450901803607215,-0.01867,-0.00196,-0.376,0.676,-0.352,-0.0198,-0.016,-0.0008,-0.376,0.676,-0.352,0.016,0.494991849631496,0.0,0.0,-0.5939902195577952,0.0,0.0,0.0,0.0,0.0,0.0,-0.2,0.0,0.0,0.0
2.565130260521042,-0.01867,-0.00196,-0.376,0.676,-0.352,-0.0198,-0.016,-0.0008,-0.376,0.676,-0.352,0.016,0.4895698714497724,0.0,0.0,-0.5874838457397268,0.0,0.0,0.0,0.0,0.0,0.0,-0.2,0.0,0.0,0.0
2.5851703406813624,-0.01867,-0.00196,-0.376,0.676,-0.352,-0.0198,-0.016,-0.0008,-0.376,0.676,-0.352,0.016,0.4822080355274721,0.0,0.0,-0.5786496426329665,0.0,0.0,0.0,0.0,0.0,0.0,-0.2,0.0,0.0,0.0
2.6052104208416833,-0.01867,-0.00196,-0.376,0.676,-0.352,-0.0198,-0.016,-0.0008,-0.376,0.676,-0.352,0.016,0.4729355121939621,0.0,0.0,-0.5675226146327546,0.0,0.0,0.0,0.0,0.0,0.0,-0.2,0.0,0.0,0.0
2.6252505010020037,-0.01867,-0.00196,-0.376,0.676,-0.352,-0.0198,-0.016,-0.0008,-0.376,0.676,-0.352,0.016,0.46178904263209,0.0,0.0,-0.5541468511585079,0.0,0.0,0.0,0.0,0.0,0.0,-0.2,0.0,0.0,0.0
2.6452905811623246,-0.01867,-0.00196,-0.376,0.676,-0.352,-0.0198,-0.016,-0.0008,-0.376,0.676,-0.352,0.016,0.44881279329596274,0.0,0.0,-0.5385753519551553,0.0,0.0,0.0,0.0,0.0,0.0,-0.2,0.0,0.0,0.0
2.665330661322645,-0.01867,-0.00196,-0.376,0.676,-0.352,-0.0198,-0.016,-0.0008,-0.376,0.676,-0.352,0.016,0.43405818090704607,0.0,0.0,-0.5208698170884553,0.0,0.0,0.0,0.0,0.0,0.0,-0.2,0.0,0.0,0.0
2.685370741482966,-0.01867,-0.00196,-0.376,0.676,-0.352,-0.0198,-0.016,-0.0008,-0.376,0.676,-0.352,0.016,0.4175836687220082,0.0,0.0,-0.5011004024664099,0.0,0.0,0.0,0.0,0.0,0.0,-0.2,0.0,0.0,0.0
2.7054108216432864,-0.01867,-0.00196,-0.376,0.676,-0.352,-0.0198,-0.016,-0.0008,-0.376,0.676,-0.352,0.016,0.3994545348795763,0.0,0.0,-0.4793454418554915,0.0,0.0,0.0,0.0,0.0,0.0,-0.2,0.0,0.0,0.0
2.7254509018036073,-0.01867,-0.00196,-0.376,0.676,-0.352,-0.0198,-0.016,-0.0008,-0.376,0.676,-0.352,0.016,0.37974261374428964,0.0,0.0,-0.4556911364931475,0.0,0.0,0.0,0.0,0.0,0.0,-0.2,0.0,0.0,0.0
2.7454909819639277,-0.01867,-0.00196,-0.376,0.676,-0.352,-0.0198,-0.016,-0.0008,-0.376,0.676,-0.352,0.016,0.35852601127206307,0.0,0.0,-0.4302312135264757,0.0,0.0,0.0,0.0,0.0,0.0,-0.2,0.0,0.0,0.0
2.7655310621242486,-0.01867,-0.00196,-0.376,0.676,-0.352,-0.0198,-0.016,-0.0008,-0.376,0.676,-0.352,0.016,0.3358887955253621,0.0,0.0,-0.4030665546304345,0.0,0.0,0.0,0.0,0.0,0.0,-0.2,0.0,0.0,0.0
2.785571142284569,-0.01867,-0.00196,-0.376,0.676,-0.352,-0.0198,-0.016,-0.0008,-0.376,0.676,-0.352,0.016,0.3119206635643046,0.0,0.0,-0.3743047962771655,0.0,0.0,0.0,0.0,0.0,0.0,-0.2,0.0,0.0,0.0
2.8056112224448895,-0.01867,-0.00196,-0.376,0.676,-0.352,-0.0198,-0.016,-0.0008,-0.376,0.676,-0.352,0.016,0.28671658603357947,0.0,0.0,-0.34405990324029534,0.0,0.0,0.0,0.0,0.0,0.0,-0.2,0.0,0.0,0.0
2.8256513026052104,-0.01867,-0.00196,-0.376,0.676,-0.352,-0.0198,-0.016,-0.0008,-0.376,0.676,-0.352,0.016,0.26037643085346385,0.0,0.0,-0.3124517170241566,0.0,0.0,0.0,0.0,0.0,0.0,-0.2,0.0,0.0,0.0
2.845691382765531,-0.01867,-0.00196,-0.376,0.676,-0.352,-0.0198,-0.016,-0.0008,-0.376,0.676,-0.352,0.016,0.23300456750601525,0.0,0.0,-0.27960548100721827,0.0,0.0,0.0,0.0,0.0,0.0,-0.2,0.0,0.0,0.0
2.8657314629258517,-0.01867,-0.00196,-0.376,0.676,-0.352,-0.0198,-0.016,-0.0008,-0.376,0.676,-0.352,0.016,0.20470945348440278,0.0,0.0,-0.24565134418128332,0.0,0.0,0.0,0.0,0.0,0.0,-0.2,0.0,0.0,0.0
2.885771543086172,-0.01867,-0.00196,-0.376,0.676,-0.352,-0.0198,-0.016,-0.0008,-0.376,0.676,-0.352,0.016,0.17560320454401962,0.0,0.0,-0.21072384545282355,0.0,0.0,0.0,0.0,0.0,0.0,-0.2,0.0,0.0,0.0
2.905811623246493,-0.01867,-0.00196,-0.376,0.676,-0.352,-0.0198,-0.016,-0.0008,-0.376,0.676,-0.352,0.016,0.14580115045820033,0.0,0.0,-0.1749613805498404,0.0,0.0,0.0,0.0,0.0,0.0,-0.2,0.0,0.0,0.0
2.9258517034068134,-0.01867,-0.00196,-0.376,0.676,-0.352,-0.0198,-0.016,-0.0008,-0.376,0.676,-0.352,0.016,0.11542137803881002,0.0,0.0,-0.13850565364657202,0.0,0.0,0.0,0.0,0.0,0.0,-0.2,0.0,0.0,0.0
2.9458917835671343,-0.01867,-0.00196,-0.376,0.676,-0.352,-0.0198,-0.016,-0.0008,-0.376,0.676,-0.352,0.016,0.08458426323240877,0.0,0.0,-0.10150111587889052,0.0,0.0,0.0,0.0,0.0,0.0,-0.2,0.0,0.0,0.0
2.9659318637274548,-0.01867,-0.00196,-0.376,0.676,-0.352,-0.0198,-0.016,-0.0008,-0.376,0.676,-0.352,0.016,0.05341199414603503,0.0,0.0,-0.06409439297524203,0.0,0.0,0.0,0.0,0.0,0.0,-0.2,0.0,0.0,0.0
2.9859719438877756,-0.01867,-0.00196,-0.376,0.676,-0.352,-0.0198,-0.016,-0.0008,-0.376,0.676,-0.352,0.016,0.02202808689251468,0.0,0.0,-0.026433704271017613,0.0,0.0,0.0,0.0,0.0,0.0,-0.2,0.0,0.0,0.0
3.006012024048096,-0.01867,-0.00196,-0.376,0.676,-0.352,-0.0198,-0.016,-0.0008,-0.376,0.676,-0.352,0.016,-0.009443103826268772,0.0,0.0,0.011331724591522525,0.0,0.0,0.0,0.0,0.0,0.0,-0.2,0.0,0.0,0.0
3.0260521042084165,-0.01867,-0.00196,-0.376,0.676,-0.352,-0.0198,-0.016,-0.0008,-0.376,0.676,-0.352,0.016,-0.040876877458910436,0.0,0.0,0.04905225295069252,0.0,0.0,0.0,0.0,0.0,0.0,-0.2,0.0,0.0,0.0
3.0460921843687374,-0.01867,-0.00196,-0.376,0.676,-0.352,-0.0198,-0.016,-0.0008,-0.376,0.676,-0.352,0.016,-0.07214868171440382,0.0,0.0,0.08657841805728458,0.0,0.0,0.0,0.0,0.0,0.0,-0.2,0.0,0.0,0.0
3.066132264529058,-0.01867,-0.00196,-0.376,0.676,-0.352,-0.0198,-0.016,-0.0008,-0.376,0.676,-0.352,0.016,-0.10313460608459779,0.0,0.0,0.12376152730151735,0.0,0.0,0.0,0.0,0.0,0.0,-0.2,0.0,0.0,0.0
3.0861723446893787,-0.01867,-0.00196,-0.376,0.676,-0.352,-0.0198,-0.016,-0.0008,-0.376,0.676,-0.352,0.016,-0.13371187282367228,0.0,0.0,0.16045424738840672,0.0,0.0,0.0,0.0,0.0,0.0,-0.2,0.0,0.0,0.0
3.106212424849699,-0.01867,-0.00196,-0.376,0.676,-0.352,-0.0198,-0.016,-0.0008,-0.376,0.676,-0.352,0.016,-0.16375932343918348,0.0,0.0,0.19651118812702018,0.0,0.0,0.0,0.0,0.0,0.0,-0.2,0.0,0.0,0.0
3.12625250501002,-0.01867,-0.00196,-0.376,0.676,-0.352,-0.0198,-0.016,-0.0008,-0.376,0.676,-0.352,0.016,-0.19315789876703945,0.0,0.0,0.23178947852044735,0.0,0.0,0.0,0.0,0.0,0.0,-0.2,0.0,0.0,0.0
3.1462925851703405,-0.01867,-0.00196,-0.376,0.676,-0.352,-0.0198,-0.016,-0.0008,-0.376,0.676,-0.352,0.016,-0.22179111072813504,0.0,0.0,0.266149332873762,0.0,0.0,0.0,0.0,0.0,0.0,-0.2,0.0,0.0,0.0
3.1663326653306614,-0.01867,-0.00196,-0.376,0.676,-0.352,-0.0198,-0.016,-0.0008,-0.376,0.676,-0.352,0.016,-0.24954550389741437,0.0,0.0,0.2994546046768972,0.0,0.0,0.0,0.0,0.0,0.0,-0.2,0.0,0.0,0.0
3.186372745490982,-0.01867,-0.00196,-0.376,0.676,-0.352,-0.0198,-0.016,-0.0008,-0.376,0.676,-0.352,0.016,-0.2763111050564173,0.0,0.0,0.3315733260677008,0.0,0.0,0.0,0.0,0.0,0.0,-0.2,0.0,0.0,0.0
3.2064128256513023,-0.01867,-0.00196,-0.376,0.676,-0.352,-0.0198,-0.016,-0.0008,-0.376,0.676,-0.352,0.016,-0.30198185894803475,0.0,0.0,0.3623782307376417,0.0,0.0,0.0,0.0,0.0,0.0,-0.2,0.0,0.0,0.0
3.226452905811623,-0.01867,-0.00196,-0.376,0.676,-0.352,-0.0198,-0.016,-0.0008,-0.376,0.676,-0.352,0.016,-0.32645604850684423,0.0,0.0,0.39174725820821305,0.0,0.0,0.0,0.0,0.0,0.0,-0.2,0.0,0.0,0.0
3.2464929859719436,-0.01867,-0.00196,-0.376,0.676,-0.352,-0.0198,-0.016,-0.0008,-0.376,0.676,-0.352,0.016,-0.3496366978999184,0.0,0.0,0.41956403747990206,0.0,0.0,0.0,0.0,0.0,0.0,-0.2,0.0,0.0,0.0
3.2665330661322645,-0.01867,-0.00196,-0.376,0.676,-0.352,-0.0198,-0.016,-0.0008,-0.376,0.676,-0.352,0.016,-0.3714319567811089,0.0,0.0,0.4457183481373307,0.0,0.0,0.0,0.0,0.0,0.0,-0.2,0.0,0.0,0.0
3.286573146292585,-0.01867,-0.00196,-0.376,0.676,-0.352,-0.0198,-0.016,-0.0008,-0.376,0.676,-0.352,0.016,-0.39175546423624374,0.0,0.0,0.47010655708349247,0.0,0.0,0.0,0.0,0.0,0.0,-0.2,0.0,0.0,0.0
3.306613226452906,-0.01867,-0.00196,-0.376,0.676,-0.352,-0.0198,-0.016,-0.0008,-0.376,0.676,-0.352,0.016,-0.41052669097716515,0.0,0.0,0.4926320291725982,0.0,0.0,0.0,0.0,0.0,0.0,-0.2,0.0,0.0,0.0
3.3266533066132262,-0.01867,-0.00196,-0.376,0.676,-0.352,-0.0198,-0.016,-0.0008,-0.376,0.676,-0.352,0.016,-0.4276712584286832,0.0,0.0,0.5132055101144198,0.0,0.0,0.0,0.0,0.0,0.0,-0.2,0.0,0.0,0.0
3.346693386773547,-0.01867,-0.00196,-0.376,0.676,-0.352,-0.0198,-0.016,-0.0008,-0.376,0.676,-0.352,0.016,-0.4431212334441341,0.0,0.0,0.531745480132961,0.0,0.0,0.0,0.0,0.0,0.0,-0.2,0.0,0.0,0.0
3.3667334669338675,-0.01867,-0.00196,-0.376,0.676,-0.352,-0.0198,-0.016,-0.0008,-0.376,0.676,-0.352,0.016,-0.45681539748174627,0.0,0.0,0.5481784769780955,0.0,0.0,0.0,0.0,0.0,0.0,-0.2,0.0,0.0,0.0
3.3867735470941884,-0.01867,-0.00196,-0.376,0.676,-0.352,-0.0198,-0.016,-0.0008,-0.376,0.676,-0.352,0.016,-0.4686994891752505,0.0,0.0,0.5624393870103006,0.0,0.0,0.0,0.0,0.0,0.0,-0.2,0.0,0.0,0.0
3.406813627254509,-0.01867,-0.00196,-0.376,0.676,-0.352,-0.0198,-0.016,-0.0008,-0.376,0.676,-0.352,0.016,-0.4787264193375751,0.0,0.0,0.5744717032050901,0.0,0.0,0.0,0.0,0.0,0.0,-0.2,0.0,0.0,0.0
3.4268537074148293,-0.01867,-0.00196,-0.376,0.676,-0.352,-0.0198,-0.016,-0.0008,-0.376,0.676,-0.352,0.016,-0.486856457545702,0.0,0.0,0.5842277490548424,0.0,0.0,0.0,0.0,0.0,0.0,-0.2,0.0,0.0,0.0
3.44689378757515,-0.01867,-0.00196,-0.376,0.676,-0.352,-0.0198,-0.016,-0.0008,-0.376,0.676,-0.352,0.016,-0.4930573895673654,0.0,0.0,0.5916688674808385,0.0,0.0,0.0,0.0,0.0,0.0,-0.2,0.0,0.0,0.0
3.4669338677354706,-0.01867,-0.00196,-0.376,0.676,-0.352,-0.0198,-0.016,-0.0008,-0.376,0.676,-0.352,0.016,-0.49730464500580984,0.0,0.0,0.5967655740069718,0.0,0.0,0.0,0.0,0.0,0.0,-0.2,0.0,0.0,0.0
3.4869739478957915,-0.01867,-0.00196,-0.376,0.676,-0.352,-0.0198,-0.016,-0.0008,-0.376,0.676,-0.352,0.016,-0.499581394656832,0.0,0.0,0.5994976735881984,0.0,0.0,0.0,0.0,0.0,0.0,-0.2,0.0,0.0,0.0
3.507014028056112,-0.01867,-0.00196,-0.376,0.676,-0.352,-0.0198,-0.016,-0.0008,-0.376,0.676,-0.352,0.016,-0.49987861719234056,0.0,0.0,0.5998543406308087,0.0,0.0,0.0,0.0,0.0,0.0,-0.2,0.0,0.0,0.0
3.527054108216433,-0.01867,-0.00196,-0.376,0.676,-0.352,-0.0198,-0.016,-0.0008,-0.376,0.676,-0.352,0.016,-0.4981951349062107,0.0,0.0,0.5978341618874529,0.0,0.0,0.0,0.0,0.0,0.0,-0.2,0.0,0.0,0.0
3.5470941883767533,-0.01867,-0.00196,-0.376,0.676,-0.352,-0.0198,-0.016,-0.0008,-0.376,0.676,-0.352,0.016,-0.49453761838079296,0.0,0.0,0.5934451420569515,0.0,0.0,0.0,0.0,0.0,0.0,-0.2,0.0,0.0,0.0
3.567134268537074,-0.01867,-0.00196,-0.376,0.676,-0.352,-0.0198,-0.016,-0.0008,-0.376,0.676,-0.352,0.016,-0.4889205600555877,0.0,0.0,0.5867046720667052,0.0,0.0,0.0,0.0,0.0,0.0,-0.2,0.0,0.0,0.0
3.5871743486973946,-0.01867,-0.00196,-0.376,0.676,-0.352,-0.0198,-0.016,-0.0008,-0.376,0.676,-0.352,0.016,-0.4813662168028144,0.0,0.0,0.5776394601633772,0.0,0.0,0.0,0.0,0.0,0.0,-0.2,0.0,0.0,0.0
3.6072144288577155,-0.01867,-0.00196,-0.376,0.676,-0.352,-0.0198,-0.016,-0.0008,-0.376,0.676,-0.352,0.016,-0.47190452173741404,0.0,0.0,0.5662854260848968,0.0,0.0,0.0,0.0,0.0,0.0,-0.2,0.0,0.0,0.0
3.627254509018036,-0.01867,-0.00196,-0.376,0.676,-0.352,-0.0198,-0.016,-0.0008,-0.376,0.676,-0.352,0.016,-0.4605729656109267,0.0,0.0,0.552687558733112,0.0,0.0,0.0,0.0,0.0,0.0,-0.2,0.0,0.0,0.0
3.6472945891783564,-0.01867,-0.00196,-0.376,0.676,-0.352,-0.0198,-0.016,-0.0008,-0.376,0.676,-0.352,0.016,-0.4474164482592005,0.0,0.0,0.5368997379110406,0.0,0.0,0.0,0.0,0.0,0.0,-0.2,0.0,0.0,0.0
3.6673346693386772,-0.01867,-0.00196,-0.376,0.676,-0.352,-0.0198,-0.016,-0.0008,-0.376,0.676,-0.352,0.016,-0.43248710069256124,0.0,0.0,0.5189845208310735,0.0,0.0,0.0,0.0,0.0,0.0,-0.2,0.0,0.0,0.0
3.6873747494989977,-0.01867,-0.00196,-0.376,0.676,-0.352,-0.0198,-0.016,-0.0008,-0.376,0.676,-0.352,0.016,-0.4158440785333796,0.0,0.0,0.4990128942400555,0.0,0.0,0.0,0.0,0.0,0.0,-0.2,0.0,0.0,0.0
3.7074148296593186,-0.01867,-0.00196,-0.376,0.676,-0.352,-0.0198,-0.016,-0.0008,-0.376,0.676,-0.352,0.016,-0.3975533276195103,0.0,0.0,0.4770639931434123,0.0,0.0,0.0,0.0,0.0,0.0,-0.2,0.0,0.0,0.0
3.727454909819639,-0.01867,-0.00196,-0.376,0.676,-0.352,-0.0198,-0.016,-0.0008,-0.376,0.676,-0.352,0.016,-0.3776873227023853,0.0,0.0,0.45322478724286236,0.0,0.0,0.0,0.0,0.0,0.0,-0.2,0.0,0.0,0.0
3.74749498997996,-0.01867,-0.00196,-0.376,0.676,-0.352,-0.0198,-0.016,-0.0008,-0.376,0.676,-0.352,0.016,-0.3563247802751142,0.0,0.0,0.427589736330137,0.0,0.0,0.0,0.0,0.0,0.0,-0.2,0.0,0.0,0.0
3.7675350701402803,-0.01867,-0.00196,-0.376,0.676,-0.352,-0.0198,-0.016,-0.0008,-0.376,0.676,-0.352,0.016,-0.3335503466684919,0.0,0.0,0.4002604160021903,0.0,0.0,0.0,0.0,0.0,0.0,-0.2,0.0,0.0,0.0
3.787575150300601,-0.01867,-0.00196,-0.376,0.676,-0.352,-0.0198,-0.016,-0.0008,-0.376,0.676,-0.352,0.016,-0.3094542626507834,0.0,0.0,0.3713451151809401,0.0,0.0,0.0,0.0,0.0,0.0,-0.2,0.0,0.0,0.0
3.8076152304609217,-0.01867,-0.00196,-0.376,0.676,-0.352,-0.0198,-0.016,-0.0008,-0.376,0.676,-0.352,0.016,-0.28413200586026927,0.0,0.0,0.3409584070323231,0.0,0.0,0.0,0.0,0.0,0.0,-0.2,0.0,0.0,0.0
3.8276553106212425,-0.01867,-0.00196,-0.376,0.676,-0.352,-0.0198,-0.016,-0.0008,-0.376,0.676,-0.352,0.016,-0.2576839124873653,0.0,0.0,0.30922069498483834,0.0,0.0,0.0,0.0,0.0,0.0,-0.2,0.0,0.0,0.0
3.847695390781563,-0.01867,-0.00196,-0.376,0.676,-0.352,-0.0198,-0.016,-0.0008,-0.376,0.676,-0.352,0.016,-0.23021477970535678,0.0,0.0,0.27625773564642814,0.0,0.0,0.0,0.0,0.0,0.0,-0.2,0.0,0.0,0.0
3.8677354709418834,-0.01867,-0.00196,-0.376,0.676,-0.352,-0.0198,-0.016,-0.0008,-0.376,0.676,-0.352,0.016,-0.2018334504250553,0.0,0.0,0.24220014051006633,0.0,0.0,0.0,0.0,0.0,0.0,-0.2,0.0,0.0,0.0
3.8877755511022043,-0.01867,-0.00196,-0.376,0.676,-0.352,-0.0198,-0.016,-0.0008,-0.376,0.676,-0.352,0.016,-0.1726523820187415,0.0,0.0,0.2071828584224898,0.0,0.0,0.0,0.0,0.0,0.0,-0.2,0.0,0.0,0.0
3.9078156312625247,-0.01867,-0.00196,-0.376,0.676,-0.352,-0.0198,-0.016,-0.0008,-0.376,0.676,-0.352,0.016,-0.14278720072227805,0.0,0.0,0.17134464086673365,0.0,0.0,0.0,0.0,0.0,0.0,-0.2,0.0,0.0,0.0
3.9278557114228456,-0.01867,-0.00196,-0.376,0.676,-0.352,-0.0198,-0.016,-0.0008,-0.376,0.676,-0.352,0.016,-0.11235624348099146,0.0,0.0,0.13482749217718976,0.0,0.0,0.0,0.0,0.0,0.0,-0.2,0.0,0.0,0.0
3.947895791583166,-0.01867,-0.00196,-0.376,0.676,-0.352,-0.0198,-0.016,-0.0008,-0.376,0.676,-0.352,0.016,-0.08148008905472838,0.0,0.0,0.09777610686567405,0.0,0.0,0.0,0.0,0.0,0.0,-0.2,0.0,0.0,0.0
3.967935871743487,-0.01867,-0.00196,-0.376,0.676,-0.352,-0.0198,-0.016,-0.0008,-0.376,0.676,-0.352,0.016,-0.05028108024000457,0.0,0.0,0.06033729628800548,0.0,0.0,0.0,0.0,0.0,0.0,-0.2,0.0,0.0,0.0
3.9879759519038074,-0.01867,-0.00196,-0.376,0.676,-0.352,-0.0198,-0.016,-0.0008,-0.376,0.676,-0.352,0.016,-0.01888283910238617,0.0,0.0,0.022659406922863404,0.0,0.0,0.0,0.0,0.0,0.0,-0.2,0.0,0.0,0.0
4.008016032064128,-0.01867,-0.00196,-0.376,0.676,-0.352,-0.0198,-0.016,-0.0008,-0.376,0.676,-0.352,0.016,0.012590222860068447,0.0,0.0,-0.015108267432082136,0.0,0.0,0.0,0.0,0.0,0.0,-0.2,0.0,0.0,0.0
4.028056112224449,-0.01867,-0.00196,-0.376,0.676,-0.352,-0.0198,-0.016,-0.0008,-0.376,0.676,-0.352,0.016,0.044013397681391675,0.0,0.0,-0.05281607721767001,0.0,0.0,0.0,0.0,0.0,0.0,-0.2,0.0,0.0,0.0
4.04809619238477,-0.01867,-0.00196,-0.376,0.676,-0.352,-0.0198,-0.016,-0.0008,-0.376,0.676,-0.352,0.016,0.07526217506700654,0.0,0.0,-0.09031461008040785,0.0,0.0,0.0,0.0,0.0,0.0,-0.2,0.0,0.0,0.0
4.06813627254509,-0.01867,-0.00196,-0.376,0.676,-0.352,-0.0198,-0.016,-0.0008,-0.376,0.676,-0.352,0.016,0.10621273574977387,0.0,0.0,-0.12745528289972863,0.0,0.0,0.0,0.0,0.0,0.0,-0.2,0.0,0.0,0.0
4.0881763527054105,-0.01867,-0.00196,-0.376,0.676,-0.352,-0.0198,-0.016,-0.0008,-0.376,0.676,-0.352,0.016,0.13674244210794503,0.0,0.0,-0.16409093052953402,0.0,0.0,0.0,0.0,0.0,0.0,-0.2,0.0,0.0,0.0
4.108216432865731,-0.01867,-0.00196,-0.376,0.676,-0.352,-0.0198,-0.016,-0.0008,-0.376,0.676,-0.352,0.016,0.16673032410098,0.0,0.0,-0.200076388921176,0.0,0.0,0.0,0.0,0.0,0.0,-0.2,0.0,0.0,0.0
4.128256513026052,-0.01867,-0.00196,-0.376,0.676,-0.352,-0.0198,-0.016,-0.0008,-0.376,0.676,-0.352,0.016,0.19605755859779872,0.0,0.0,-0.23526907031735844,0.0,0.0,0.0,0.0,0.0,0.0,-0.2,0.0,0.0,0.0
4.148296593186372,-0.01867,-0.00196,-0.376,0.676,-0.352,-0.0198,-0.016,-0.0008,-0.376,0.676,-0.352,0.016,0.22460794019817695,0.0,0.0,-0.26952952823781234,0.0,0.0,0.0,0.0,0.0,0.0,-0.2,0.0,0.0,0.0
4.168336673346693,-0.01867,-0.00196,-0.376,0.676,-0.352,-0.0198,-0.016,-0.0008,-0.376,0.676,-0.352,0.016,0.2522683416817293,0.0,0.0,-0.30272201001807514,0.0,0.0,0.0,0.0,0.0,0.0,-0.2,0.0,0.0,0.0
4.188376753507014,-0.01867,-0.00196,-0.376,0.676,-0.352,-0.0198,-0.016,-0.0008,-0.376,0.676,-0.352,0.016,0.2789291622599766,0.0,0.0,-0.3347149947119719,0.0,0.0,0.0,0.0,0.0,0.0,-0.2,0.0,0.0,0.0
4.208416833667335,-0.01867,-0.00196,-0.376,0.676,-0.352,-0.0198,-0.016,-0.0008,-0.376,0.676,-0.352,0.016,0.30448476185540335,0.0,0.0,-0.365381714226484,0.0,0.0,0.0,0.0,0.0,0.0,-0.2,0.0,0.0,0.0
4.228456913827655,-0.01867,-0.00196,-0.376,0.676,-0.352,-0.0198,-0.016,-0.0008,-0.376,0.676,-0.352,0.016,0.3288338796866968,0.0,0.0,-0.3946006556240362,0.0,0.0,0.0,0.0,0.0,0.0,-0.2,0.0,0.0,0.0
4.248496993987976,-0.01867,-0.00196,-0.376,0.676,-0.352,-0.0198,-0.016,-0.0008,-0.376,0.676,-0.352,0.016,0.35188003550158886,0.0,0.0,-0.42225604260190663,0.0,0.0,0.0,0.0,0.0,0.0,-0.2,0.0,0.0,0.0
4.268537074148297,-0.01867,-0.00196,-0.376,0.676,-0.352,-0.0198,-0.016,-0.0008,-0.376,0.676,-0.352,0.016,0.3735319118674593,0.0,0.0,-0.4482382942409512,0.0,0.0,0.0,0.0,0.0,0.0,-0.2,0.0,0.0,0.0
4.288577154308617,-0.01867,-0.00196,-0.376,0.676,-0.352,-0.0198,-0.016,-0.0008,-0.376,0.676,-0.352,0.016,0.39370371600494064,0.0,0.0,-0.47244445920592876,0.0,0.0,0.0,0.0,0.0,0.0,-0.2,0.0,0.0,0.0
4.3086172344689375,-0.01867,-0.00196,-0.376,0.676,-0.352,-0.0198,-0.016,-0.0008,-0.376,0.676,-0.352,0.016,0.4123155197307873,0.0,0.0,-0.4947786236769447,0.0,0.0,0.0,0.0,0.0,0.0,-0.2,0.0,0.0,0.0
4.328657314629258,-0.01867,-0.00196,-0.376,0.676,-0.352,-0.0198,-0.016,-0.0008,-0.376,0.676,-0.352,0.016,0.42929357616303215,0.0,0.0,-0.5151522913956386,0.0,0.0,0.0,0.0,0.0,0.0,-0.2,0.0,0.0,0.0
4.348697394789579,-0.01867,-0.00196,-0.376,0.676,-0.352,-0.0198,-0.016,-0.0008,-0.376,0.676,-0.352,0.016,0.4445706119335408,0.0,0.0,-0.5334847343202489,0.0,0.0,0.0,0.0,0.0,0.0,-0.2,0.0,0.0,0.0
4.368737474949899,-0.01867,-0.00196,-0.376,0.676,-0.352,-0.0198,-0.016,-0.0008,-0.376,0.676,-0.352,0.016,0.458086093750088,0.0,0.0,-0.5497033125001056,0.0,0.0,0.0,0.0,0.0,0.0,-0.2,0.0,0.0,0.0
4.38877755511022,-0.01867,-0.00196,-0.376,0.676,-0.352,-0.0198,-0.016,-0.0008,-0.376,0.676,-0.352,0.016,0.4697864682517589,0.0,0.0,-0.5637437619021106,0.0,0.0,0.0,0.0,0.0,0.0,-0.2,0.0,0.0,0.0
4.408817635270541,-0.01867,-0.00196,-0.376,0.676,-0.352,-0.0198,-0.016,-0.0008,-0.376,0.676,-0.352,0.016,0.47962537420725954,0.0,0.0,-0.5755504490487114,0.0,0.0,0.0,0.0,0.0,0.0,-0.2,0.0,0.0,0.0
4.428857715430862,-0.01867,-0.00196,-0.376,0.676,-0.352,-0.0198,-0.016,-0.0008,-0.376,0.676,-0.352,0.016,0.48756382621534305,0.0,0.0,-0.5850765914584116,0.0,0.0,0.0,0.0,0.0,0.0,-0.2,0.0,0.0,0.0
4.448897795591182,-0.01867,-0.00196,-0.376,0.676,-0.352,-0.0198,-0.016,-0.0008,-0.376,0.676,-0.352,0.016,0.49357036917945624,0.0,0.0,-0.5922844430153474,0.0,0.0,0.0,0.0,0.0,0.0,-0.2,0.0,0.0,0.0
4.468937875751503,-0.01867,-0.00196,-0.376,0.676,-0.352,-0.0198,-0.016,-0.0008,-0.376,0.676,-0.352,0.016,0.49762120294451934,0.0,0.0,-0.5971454435334231,0.0,0.0,0.0,0.0,0.0,0.0,-0.2,0.0,0.0,0.0
4.488977955911824,-0.01867,-0.00196,-0.376,0.676,-0.352,-0.0198,-0.016,-0.0008,-0.376,0.676,-0.352,0.016,0.49970027660198313,0.0,0.0,-0.5996403319223798,0.0,0.0,0.0,0.0,0.0,0.0,-0.2,0.0,0.0,0.0
4.509018036072144,-0.01867,-0.00196,-0.376,0.676,-0.352,-0.0198,-0.016,-0.0008,-0.376,0.676,-0.352,0.016,0.4997993520894937,0.0,0.0,-0.5997592225073924,0.0,0.0,0.0,0.0,0.0,0.0,-0.2,0.0,0.0,0.0
4.529058116232465,-0.01867,-0.00196,-0.376,0.676,-0.352,-0.0198,-0.016,-0.0008,-0.376,0.676,-0.352,0.016,0.4979180368331559,0.0,0.0,-0.597501644199787,0.0,0.0,0.0,0.0,0.0,0.0,-0.2,0.0,0.0,0.0
4.5490981963927855,-0.01867,-0.00196,-0.376,0.676,-0.352,-0.0198,-0.016,-0.0008,-0.376,0.676,-0.352,0.016,0.4940637853030572,0.0,0.0,-0.5928765423636686,0.0,0.0,0.0,0.0,0.0,0.0,-0.2,0.0,0.0,0.0
4.569138276553106,-0.01867,-0.00196,-0.376,0.676,-0.352,-0.0198,-0.016,-0.0008,-0.376,0.676,-0.352,0.016,0.4882518694758874,0.0,0.0,-0.5859022433710649,0.0,0.0,0.0,0.0,0.0,0.0,-0.2,0.0,0.0,0.0
4.589178356713426,-0.01867,-0.00196,-0.376,0.676,-0.352,-0.0198,-0.016,-0.0008,-0.376,0.676,-0.352,0.016,0.4805053183216926,0.0,0.0,-0.5766063819860311,0.0,0.0,0.0,0.0,0.0,0.0,-0.2,0.0,0.0,0.0
4.609218436873747,-0.01867,-0.00196,-0.376,0.676,-0.352,-0.0198,-0.016,-0.0008,-0.376,0.676,-0.352,0.016,0.4708548265545378,0.0,0.0,-0.5650257918654453,0.0,0.0,0.0,0.0,0.0,0.0,-0.2,0.0,0.0,0.0
4.629258517034068,-0.01867,-0.00196,-0.376,0.676,-0.352,-0.0198,-0.016,-0.0008,-0.376,0.676,-0.352,0.016,0.4593386330086458,0.0,0.0,-0.5512063596103749,0.0,0.0,0.0,0.0,0.0,0.0,-0.2,0.0,0.0,0.0
4.649298597194389,-0.01867,-0.00196,-0.376,0.676,-0.352,-0.0198,-0.016,-0.0008,-0.376,0.676,-0.352,0.016,0.4460023691219278,0.0,0.0,-0.5352028429463134,0.0,0.0,0.0,0.0,0.0,0.0,-0.2,0.0,0.0,0.0
4.669338677354709,-0.01867,-0.00196,-0.376,0.676,-0.352,-0.0198,-0.016,-0.0008,-0.376,0.676,-0.352,0.016,0.43089887812727007,0.0,0.0,-0.5170786537527241,0.0,0.0,0.0,0.0,0.0,0.0,-0.2,0.0,0.0,0.0
4.68937875751503,-0.01867,-0.00196,-0.376,0.676,-0.352,-0.0198,-0.016,-0.0008,-0.376,0.676,-0.352,0.016,0.4140880056680091,0.0,0.0,-0.4969056068016109,0.0,0.0,0.0,0.0,0.0,0.0,-0.2,0.0,0.0,0.0
4.709418837675351,-0.01867,-0.00196,-0.376,0.676,-0.352,-0.0198,-0.016,-0.0008,-0.376,0.676,-0.352,0.016,0.3956363626672593,0.0,0.0,-0.4747636352007112,0.0,0.0,0.0,0.0,0.0,0.0,-0.2,0.0,0.0,0.0
4.729458917835671,-0.01867,-0.00196,-0.376,0.676,-0.352,-0.0198,-0.016,-0.0008,-0.376,0.676,-0.352,0.016,0.3756170613906843,0.0,0.0,-0.45074047366882114,0.0,0.0,0.0,0.0,0.0,0.0,-0.2,0.0,0.0,0.0
4.749498997995992,-0.01867,-0.00196,-0.376,0.676,-0.352,-0.0198,-0.016,-0.0008,-0.376,0.676,-0.352,0.016,0.35410942574852716,0.0,0.0,-0.4249313108982326,0.0,0.0,0.0,0.0,0.0,0.0,-0.2,0.0,0.0,0.0
4.7695390781563125,-0.01867,-0.00196,-0.376,0.676,-0.352,-0.0198,-0.016,-0.0008,-0.376,0.676,-0.352,0.016,0.33119867698481414,0.0,0.0,-0.39743841238177696,0.0,0.0,0.0,0.0,0.0,0.0,-0.2,0.0,0.0,0.0
4.789579158316633,-0.01867,-0.00196,-0.376,0.676,-0.352,-0.0198,-0.016,-0.0008,-0.376,0.676,-0.352,0.016,0.3069755959991142,0.0,0.0,-0.36837071519893705,0.0,0.0,0.0,0.0,0.0,0.0,-0.2,0.0,0.0,0.0
4.809619238476953,-0.01867,-0.00196,-0.376,0.676,-0.352,-0.0198,-0.016,-0.0008,-0.376,0.676,-0.352,0.016,0.2815361636388836,0.0,0.0,-0.33784339636666033,0.0,0.0,0.0,0.0,0.0,0.0,-0.2,0.0,0.0,0.0
4.829659318637274,-0.01867,-0.00196,-0.376,0.676,-0.352,-0.0198,-0.016,-0.0008,-0.376,0.676,-0.352,0.016,0.2549811803876828,0.0,0.0,-0.30597741646521937,0.0,0.0,0.0,0.0,0.0,0.0,-0.2,0.0,0.0,0.0
4.849699398797595,-0.01867,-0.00196,-0.376,0.676,-0.352,-0.0198,-0.016,-0.0008,-0.376,0.676,-0.352,0.016,0.227415866956213,0.0,0.0,-0.2728990403474556,0.0,0.0,0.0,0.0,0.0,0.0,-0.2,0.0,0.0,0.0
4.869739478957916,-0.01867,-0.00196,-0.376,0.676,-0.352,-0.0198,-0.016,-0.0008,-0.376,0.676,-0.352,0.016,0.198949447358755,0.0,0.0,-0.238739336830506,0.0,0.0,0.0,0.0,0.0,0.0,-0.2,0.0,0.0,0.0
4.889779559118236,-0.01867,-0.00196,-0.376,0.676,-0.352,-0.0198,-0.016,-0.0008,-0.376,0.676,-0.352,0.016,0.16969471612704812,0.0,0.0,-0.20363365935245772,0.0,0.0,0.0,0.0,0.0,0.0,-0.2,0.0,0.0,0.0
4.909819639278557,-0.01867,-0.00196,-0.376,0.676,-0.352,-0.0198,-0.016,-0.0008,-0.376,0.676,-0.352,0.016,0.13976759137643527,0.0,0.0,-0.16772110965172232,0.0,0.0,0.0,0.0,0.0,0.0,-0.2,0.0,0.0,0.0
4.929859719438878,-0.01867,-0.00196,-0.376,0.676,-0.352,-0.0198,-0.016,-0.0008,-0.376,0.676,-0.352,0.016,0.10928665549522545,0.0,0.0,-0.13114398659427054,0.0,0.0,0.0,0.0,0.0,0.0,-0.2,0.0,0.0,0.0
4.949899799599198,-0.01867,-0.00196,-0.376,0.676,-0.352,-0.0198,-0.016,-0.0008,-0.376,0.676,-0.352,0.016,0.07837268527720989,0.0,0.0,-0.09404722233265186,0.0,0.0,0.0,0.0,0.0,0.0,-0.2,0.0,0.0,0.0
4.969939879759519,-0.01867,-0.00196,-0.376,0.676,-0.352,-0.0198,-0.016,-0.0008,-0.376,0.676,-0.352,0.016,0.04714817335911992,0.0,0.0,-0.05657780803094391,0.0,0.0,0.0,0.0,0.0,0.0,-0.2,0.0,0.0,0.0
4.98997995991984,-0.01867,-0.00196,-0.376,0.676,-0.352,-0.0198,-0.016,-0.0008,-0.376,0.676,-0.352,0.016,0.015736842859293415,0.0,0.0,-0.018884211431152098,0.0,0.0,0.0,0.0,0.0,0.0,-0.2,0.0,0.0,0.0
5.01002004008016,-0.01867,-0.00196,-0.376,0.676,-0.352,-0.0198,-0.016,-0.0008,-0.376,0.676,-0.352,0.016,0.0,0.0,0.0,-0.2,0.0,0.0,0.0,0.015736842859293346,0.0,0.0,-0.018884211431152015,0.0,0.0,0.0
5.03006012024048,-0.01867,-0.00196,-0.376,0.676,-0.352,-0.0198,-0.016,-0.0008,-0.376,0.676,-0.352,0.016,0.0,0.0,0.0,-0.2,0.0,0.0,0.0,0.047148173359118056,0.0,0.0,-0.056577808030941666,0.0,0.0,0.0
5.050100200400801,-0.01867,-0.00196,-0.376,0.676,-0.352,-0.0198,-0.016,-0.0008,-0.376,0.676,-0.352,0.016,0.0,0.0,0.0,-0.2,0.0,0.0,0.0,0.0783726852772085,0.0,0.0,-0.0940472223326502,0.0,0.0,0.0
5.070140280561122,-0.01867,-0.00196,-0.376,0.676,-0.352,-0.0198,-0.016,-0.0008,-0.376,0.676,-0.352,0.016,0.0,0.0,0.0,-0.2,0.0,0.0,0.0,0.10928665549522543,0.0,0.0,-0.1311439865942705,0.0,0.0,0.0
5.090180360721443,-0.01867,-0.00196,-0.376,0.676,-0.352,-0.0198,-0.016,-0.0008,-0.376,0.676,-0.352,0.016,0.0,0.0,0.0,-0.2,0.0,0.0,0.0,0.13976759137643482,0.0,0.0,-0.1677211096517218,0.0,0.0,0.0
5.110220440881763,-0.01867,-0.00196,-0.376,0.676,-0.352,-0.0198,-0.016,-0.0008,-0.376,0.676,-0.352,0.016,0.0,0.0,0.0,-0.2,0.0,0.0,0.0,0.16969471612704684,0.0,0.0,-0.2036336593524562,0.0,0.0,0.0
5.130260521042084,-0.01867,-0.00196,-0.376,0.676,-0.352,-0.0198,-0.016,-0.0008,-0.376,0.676,-0.352,0.016,0.0,0.0,0.0,-0.2,0.0,0.0,0.0,0.198949447358755,0.0,0.0,-0.238739336830506,0.0,0.0,0.0
5.150300601202405,-0.01867,-0.00196,-0.376,0.676,-0.352,-0.0198,-0.016,-0.0008,-0.376,0.676,-0.352,0.016,0.0,0.0,0.0,-0.2,0.0,0.0,0.0,0.22741586695621263,0.0,0.0,-0.27289904034745516,0.0,0.0,0.0
5.170340681362725,-0.01867,-0.00196,-0.376,0.676,-0.352,-0.0198,-0.016,-0.0008,-0.376,0.676,-0.352,0.016,0.0,0.0,0.0,-0.2,0.0,0.0,0.0,0.2549811803876817,0.0,0.0,-0.30597741646521803,0.0,0.0,0.0
5.190380761523046,-0.01867,-0.00196,-0.376,0.676,-0.352,-0.0198,-0.016,-0.0008,-0.376,0.676,-0.352,0.016,0.0,0.0,0.0,-0.2,0.0,0.0,0.0,0.2815361636388821,0.0,0.0,-0.33784339636665855,0.0,0.0,0.0
5.210420841683367,-0.01867,-0.00196,-0.376,0.676,-0.352,-0.0198,-0.016,-0.0008,-0.376,0.676,-0.352,0.016,0.0,0.0,0.0,-0.2,0.0,0.0,0.0,0.30697559599911395,0.0,0.0,-0.3683707151989367,0.0,0.0,0.0
5.2304609218436875,-0.01867,-0.00196,-0.376,0.676,-0.352,-0.0198,-0.016,-0.0008,-0.376,0.676,-0.352,0.016,0.0,0.0,0.0,-0.2,0.0,0.0,0.0,0.3311986769848142,0.0,0.0,-0.397438412381777,0.0,0.0,0.0
5.2505010020040075,-0.01867,-0.00196,-0.376,0.676,-0.352,-0.0198,-0.016,-0.0008,-0.376,0.676,-0.352,0.016,0.0,0.0,0.0,-0.2,0.0,0.0,0.0,0.35410942574852594,0.0,0.0,-0.4249313108982311,0.0,0.0,0.0
5.270541082164328,-0.01867,-0.00196,-0.376,0.676,-0.352,-0.0198,-0.016,-0.0008,-0.376,0.676,-0.352,0.016,0.0,0.0,0.0,-0.2,0.0,0.0,0.0,0.3756170613906829,0.0,0.0,-0.4507404736688195,0.0,0.0,0.0
5.290581162324649,-0.01867,-0.00196,-0.376,0.676,-0.352,-0.0198,-0.016,-0.0008,-0.376,0.676,-0.352,0.016,0.0,0.0,0.0,-0.2,0.0,0.0,0.0,0.39563636266725943,0.0,0.0,-0.4747636352007113,0.0,0.0,0.0
5.31062124248497,-0.01867,-0.00196,-0.376,0.676,-0.352,-0.0198,-0.016,-0.0008,-0.376,0.676,-0.352,0.016,0.0,0.0,0.0,-0.2,0.0,0.0,0.0,0.4140880056680089,0.0,0.0,-0.49690560680161067,0.0,0.0,0.0
5.33066132264529,-0.01867,-0.00196,-0.376,0.676,-0.352,-0.0198,-0.016,-0.0008,-0.376,0.676,-0.352,0.016,0.0,0.0,0.0,-0.2,0.0,0.0,0.0,0.430898878127269,0.0,0.0,-0.5170786537527228,0.0,0.0,0.0
5.350701402805611,-0.01867,-0.00196,-0.376,0.676,-0.352,-0.0198,-0.016,-0.0008,-0.376,0.676,-0.352,0.016,0.0,0.0,0.0,-0.2,0.0,0.0,0.0,0.4460023691219275,0.0,0.0,-0.5352028429463129,0.0,0.0,0.0
5.370741482965932,-0.01867,-0.00196,-0.376,0.676,-0.352,-0.0198,-0.016,-0.0008,-0.376,0.676,-0.352,0.016,0.0,0.0,0.0,-0.2,0.0,0.0,0.0,0.4593386330086457,0.0,0.0,-0.5512063596103748,0.0,0.0,0.0
5.390781563126252,-0.01867,-0.00196,-0.376,0.676,-0.352,-0.0198,-0.016,-0.0008,-0.376,0.676,-0.352,0.016,0.0,0.0,0.0,-0.2,0.0,0.0,0.0,0.4708548265545371,0.0,0.0,-0.5650257918654444,0.0,0.0,0.0
5.410821643286573,-0.01867,-0.00196,-0.376,0.676,-0.352,-0.0198,-0.016,-0.0008,-0.376,0.676,-0.352,0.016,0.0,0.0,0.0,-0.2,0.0,0.0,0.0,0.4805053183216922,0.0,0.0,-0.5766063819860306,0.0,0.0,0.0
5.430861723446894,-0.01867,-0.00196,-0.376,0.676,-0.352,-0.0198,-0.016,-0.0008,-0.376,0.676,-0.352,0.016,0.0,0.0,0.0,-0.2,0.0,0.0,0.0,0.48825186947588733,0.0,0.0,-0.5859022433710648,0.0,0.0,0.0
5.4509018036072145,-0.01867,-0.00196,-0.376,0.676,-0.352,-0.0198,-0.016,-0.0008,-0.376,0.676,-0.352,0.016,0.0,0.0,0.0,-0.2,0.0,0.0,0.0,0.49406378530305717,0.0,0.0,-0.5928765423636686,0.0,0.0,0.0
5.4709418837675345,-0.01867,-0.00196,-0.376,0.676,-0.352,-0.0198,-0.016,-0.0008,-0.376,0.676,-0.352,0.016,0.0,0.0,0.0,-0.2,0.0,0.0,0.0,0.4979180368331557,0.0,0.0,-0.5975016441997868,0.0,0.0,0.0
5.490981963927855,-0.01867,-0.00196,-0.376,0.676,-0.352,-0.0198,-0.016,-0.0008,-0.376,0.676,-0.352,0.016,0.0,0.0,0.0,-0.2,0.0,0.0,0.0,0.49979935208949366,0.0,0.0,-0.5997592225073923,0.0,0.0,0.0
5.511022044088176,-0.01867,-0.00196,-0.376,0.676,-0.352,-0.0198,-0.016,-0.0008,-0.376,0.676,-0.352,0.016,0.0,0.0,0.0,-0.2,0.0,0.0,0.0,0.4997002766019832,0.0,0.0,-0.5996403319223798,0.0,0.0,0.0
5.531062124248497,-0.01867,-0.00196,-0.376,0.676,-0.352,-0.0198,-0.016,-0.0008,-0.376,0.676,-0.352,0.016,0.0,0.0,0.0,-0.2,0.0,0.0,0.0,0.4976212029445194,0.0,0.0,-0.5971454435334232,0.0,0.0,0.0
5.551102204408817,-0.01867,-0.00196,-0.376,0.676,-0.352,-0.0198,-0.016,-0.0008,-0.376,0.676,-0.352,0.016,0.0,0.0,0.0,-0.2,0.0,0.0,0.0,0.4935703691794565,0.0,0.0,-0.5922844430153478,0.0,0.0,0.0
5.571142284569138,-0.01867,-0.00196,-0.376,0.676,-0.352,-0.0198,-0.016,-0.0008,-0.376,0.676,-0.352,0.016,0.0,0.0,0.0,-0.2,0.0,0.0,0.0,0.48756382621534317,0.0,0.0,-0.5850765914584117,0.0,0.0,0.0
5.591182364729459,-0.01867,-0.00196,-0.376,0.676,-0.352,-0.0198,-0.016,-0.0008,-0.376,0.676,-0.352,0.016,0.0,0.0,0.0,-0.2,0.0,0.0,0.0,0.4796253742072596,0.0,0.0,-0.5755504490487114,0.0,0.0,0.0
5.611222444889779,-0.01867,-0.00196,-0.376,0.676,-0.352,-0.0198,-0.016,-0.0008,-0.376,0.676,-0.352,0.016,0.0,0.0,0.0,-0.2,0.0,0.0,0.0,0.46978646825175957,0.0,0.0,-0.5637437619021115,0.0,0.0,0.0
5.6312625250501,-0.01867,-0.00196,-0.376,0.676,-0.352,-0.0198,-0.016,-0.0008,-0.376,0.676,-0.352,0.016,0.0,0.0,0.0,-0.2,0.0,0.0,0.0,0.45808609375008863,0.0,0.0,-0.5497033125001063,0.0,0.0,0.0
5.651302605210421,-0.01867,-0.00196,-0.376,0.676,-0.352,-0.0198,-0.016,-0.0008,-0.376,0.676,-0.352,0.016,0.0,0.0,0.0,-0.2,0.0,0.0,0.0,0.4445706119335408,0.0,0.0,-0.5334847343202489,0.0,0.0,0.0
5.671342685370742,-0.01867,-0.00196,-0.376,0.676,-0.352,-0.0198,-0.016,-0.0008,-0.376,0.676,-0.352,0.016,0.0,0.0,0.0,-0.2,0.0,0.0,0.0,0.42929357616303243,0.0,0.0,-0.5151522913956389,0.0,0.0,0.0
5.691382765531062,-0.01867,-0.00196,-0.376,0.676,-0.352,-0.0198,-0.016,-0.0008,-0.376,0.676,-0.352,0.016,0.0,0.0,0.0,-0.2,0.0,0.0,0.0,0.4123155197307881,0.0,0.0,-0.4947786236769457,0.0,0.0,0.0
5.7114228456913825,-0.01867,-0.00196,-0.376,0.676,-0.352,-0.0198,-0.016,-0.0008,-0.376,0.676,-0.352,0.016,0.0,0.0,0.0,-0.2,0.0,0.0,0.0,0.39370371600494175,0.0,0.0,-0.4724444592059301,0.0,0.0,0.0
5.731462925851703,-0.01867,-0.00196,-0.376,0.676,-0.352,-0.0198,-0.016,-0.0008,-0.376,0.676,-0.352,0.016,0.0,0.0,0.0,-0.2,0.0,0.0,0.0,0.3735319118674597,0.0,0.0,-0.44823829424095163,0.0,0.0,0.0
5.751503006012024,-0.01867,-0.00196,-0.376,0.676,-0.352,-0.0198,-0.016,-0.0008,-0.376,0.676,-0.352,0.016,0.0,0.0,0.0,-0.2,0.0,0.0,0.0,0.35188003550158875,0.0,0.0,-0.42225604260190647,0.0,0.0,0.0
5.771543086172344,-0.01867,-0.00196,-0.376,0.676,-0.352,-0.0198,-0.016,-0.0008,-0.376,0.676,-0.352,0.016,0.0,0.0,0.0,-0.2,0.0,0.0,0.0,0.3288338796866982,0.0,0.0,-0.39460065562403784,0.0,0.0,0.0
5.791583166332665,-0.01867,-0.00196,-0.376,0.676,-0.352,-0.0198,-0.016,-0.0008,-0.376,0.676,-0.352,0.016,0.0,0.0,0.0,-0.2,0.0,0.0,0.0,0.30448476185540363,0.0,0.0,-0.36538171422648436,0.0,0.0,0.0
5.811623246492986,-0.01867,-0.00196,-0.376,0.676,-0.352,-0.0198,-0.016,-0.0008,-0.376,0.676,-0.352,0.016,0.0,0.0,0.0,-0.2,0.0,0.0,0.0,0.2789291622599765,0.0,0.0,-0.3347149947119718,0.0,0.0,0.0
5.831663326653306,-0.01867,-0.00196,-0.376,0.676,-0.352,-0.0198,-0.016,-0.0008,-0.376,0.676,-0.352,0.016,0.0,0.0,0.0,-0.2,0.0,0.0,0.0,0.2522683416817307,0.0,0.0,-0.3027220100180768,0.0,0.0,0.0
5.851703406813627,-0.01867,-0.00196,-0.376,0.676,-0.352,-0.0198,-0.016,-0.0008,-0.376,0.676,-0.352,0.016,0.0,0.0,0.0,-0.2,0.0,0.0,0.0,0.2246079401981788,0.0,0.0,-0.26952952823781456,0.0,0.0,0.0
5.871743486973948,-0.01867,-0.00196,-0.376,0.676,-0.352,-0.0198,-0.016,-0.0008,-0.376,0.676,-0.352,0.016,0.0,0.0,0.0,-0.2,0.0,0.0,0.0,0.19605755859779858,0.0,0.0,-0.23526907031735828,0.0,0.0,0.0
5.891783567134269,-0.01867,-0.00196,-0.376,0.676,-0.352,-0.0198,-0.016,-0.0008,-0.376,0.676,-0.352,0.016,0.0,0.0,0.0,-0.2,0.0,0.0,0.0,0.1667303241009803,0.0,0.0,-0.20007638892117635,0.0,0.0,0.0
5.911823647294589,-0.01867,-0.00196,-0.376,0.676,-0.352,-0.0198,-0.016,-0.0008,-0.376,0.676,-0.352,0.016,0.0,0.0,0.0,-0.2,0.0,0.0,0.0,0.13674244210794703,0.0,0.0,-0.16409093052953644,0.0,0.0,0.0
5.9318637274549095,-0.01867,-0.00196,-0.376,0.676,-0.352,-0.0198,-0.016,-0.0008,-0.376,0.676,-0.352,0.016,0.0,0.0,0.0,-0.2,0.0,0.0,0.0,0.10621273574977547,0.0,0.0,-0.12745528289973054,0.0,0.0,0.0
5.95190380761523,-0.01867,-0.00196,-0.376,0.676,-0.352,-0.0198,-0.016,-0.0008,-0.376,0.676,-0.352,0.016,0.0,0.0,0.0,-0.2,0.0,0.0,0.0,0.07526217506700685,0.0,0.0,-0.09031461008040821,0.0,0.0,0.0
5.971943887775551,-0.01867,-0.00196,-0.376,0.676,-0.352,-0.0198,-0.016,-0.0008,-0.376,0.676,-0.352,0.016,0.0,0.0,0.0,-0.2,0.0,0.0,0.0,0.04401339768139242,0.0,0.0,-0.0528160772176709,0.0,0.0,0.0
5.991983967935871,-0.01867,-0.00196,-0.376,0.676,-0.352,-0.0198,-0.016,-0.0008,-0.376,0.676,-0.352,0.016,0.0,0.0,0.0,-0.2,0.0,0.0,0.0,0.012590222860070084,0.0,0.0,-0.015108267432084101,0.0,0.0,0.0
6.012024048096192,-0.01867,-0.00196,-0.376,0.676,-0.352,-0.0198,-0.016,-0.0008,-0.376,0.676,-0.352,0.016,0.0,0.0,0.0,-0.2,0.0,0.0,0.0,-0.018882839102384977,0.0,0.0,0.02265940692286197,0.0,0.0,0.0
6.032064128256513,-0.01867,-0.00196,-0.376,0.676,-0.352,-0.0198,-0.016,-0.0008,-0.376,0.676,-0.352,0.016,0.0,0.0,0.0,-0.2,0.0,0.0,0.0,-0.05028108024000405,0.0,0.0,0.060337296288004855,0.0,0.0,0.0
6.052104208416833,-0.01867,-0.00196,-0.376,0.676,-0.352,-0.0198,-0.016,-0.0008,-0.376,0.676,-0.352,0.016,0.0,0.0,0.0,-0.2,0.0,0.0,0.0,-0.08148008905472677,0.0,0.0,0.09777610686567212,0.0,0.0,0.0
6.072144288577154,-0.01867,-0.00196,-0.376,0.676,-0.352,-0.0198,-0.016,-0.0008,-0.376,0.676,-0.352,0.016,0.0,0.0,0.0,-0.2,0.0,0.0,0.0,-0.11235624348099052,0.0,0.0,0.13482749217718862,0.0,0.0,0.0
6.092184368737475,-0.01867,-0.00196,-0.376,0.676,-0.352,-0.0198,-0.016,-0.0008,-0.376,0.676,-0.352,0.016,0.0,0.0,0.0,-0.2,0.0,0.0,0.0,-0.14278720072227755,0.0,0.0,0.17134464086673304,0.0,0.0,0.0
6.112224448897796,-0.01867,-0.00196,-0.376,0.676,-0.352,-0.0198,-0.016,-0.0008,-0.376,0.676,-0.352,0.016,0.0,0.0,0.0,-0.2,0.0,0.0,0.0,-0.17265238201874142,0.0,0.0,0.2071828584224897,0.0,0.0,0.0
6.132264529058116,-0.01867,-0.00196,-0.376,0.676,-0.352,-0.0198,-0.016,-0.0008,-0.376,0.676,-0.352,0.016,0.0,0.0,0.0,-0.2,0.0,0.0,0.0,-0.2018334504250536,0.0,0.0,0.2422001405100643,0.0,0.0,0.0
6.152304609218437,-0.01867,-0.00196,-0.376,0.676,-0.352,-0.0198,-0.016,-0.0008,-0.376,0.676,-0.352,0.016,0.0,0.0,0.0,-0.2,0.0,0.0,0.0,-0.2302147797053563,0.0,0.0,0.2762577356464276,0.0,0.0,0.0
6.1723446893787575,-0.01867,-0.00196,-0.376,0.676,-0.352,-0.0198,-0.016,-0.0008,-0.376,0.676,-0.352,0.016,0.0,0.0,0.0,-0.2,0.0,0.0,0.0,-0.25768391248736516,0.0,0.0,0.3092206949848382,0.0,0.0,0.0
6.192384769539078,-0.01867,-0.00196,-0.376,0.676,-0.352,-0.0198,-0.016,-0.0008,-0.376,0.676,-0.352,0.016,0.0,0.0,0.0,-0.2,0.0,0.0,0.0,-0.2841320058602688,0.0,0.0,0.34095840703232255,0.0,0.0,0.0
6.212424849699398,-0.01867,-0.00196,-0.376,0.676,-0.352,-0.0198,-0.016,-0.0008,-0.376,0.676,-0.352,0.016,0.0,0.0,0.0,-0.2,0.0,0.0,0.0,-0.3094542626507823,0.0,0.0,0.37134511518093877,0.0,0.0,0.0
6.232464929859719,-0.01867,-0.00196,-0.376,0.676,-0.352,-0.0198,-0.016,-0.0008,-0.376,0.676,-0.352,0.016,0.0,0.0,0.0,-0.2,0.0,0.0,0.0,-0.3335503466684912,0.0,0.0,0.4002604160021894,0.0,0.0,0.0
6.25250501002004,-0.01867,-0.00196,-0.376,0.676,-0.352,-0.0198,-0.016,-0.0008,-0.376,0.676,-0.352,0.016,0.0,0.0,0.0,-0.2,0.0,0.0,0.0,-0.3563247802751139,0.0,0.0,0.42758973633013664,0.0,0.0,0.0
6.27254509018036,-0.01867,-0.00196,-0.376,0.676,-0.352,-0.0198,-0.016,-0.0008,-0.376,0.676,-0.352,0.016,0.0,0.0,0.0,-0.2,0.0,0.0,0.0,-0.3776873227023844,0.0,0.0,0.4532247872428613,0.0,0.0,0.0
6.292585170340681,-0.01867,-0.00196,-0.376,0.676,-0.352,-0.0198,-0.016,-0.0008,-0.376,0.676,-0.352,0.016,0.0,0.0,0.0,-0.2,0.0,0.0,0.0,-0.3975533276195098,0.0,0.0,0.47706399314341175,0.0,0.0,0.0
6.312625250501002,-0.01867,-0.00196,-0.376,0.676,-0.352,-0.0198,-0.016,-0.0008,-0.376,0.676,-0.352,0.016,0.0,0.0,0.0,-0.2,0.0,0.0,0.0,-0.41584407853337896,0.0,0.0,0.49901289424005474,0.0,0.0,0.0
6.332665330661323,-0.01867,-0.00196,-0.376,0.676,-0.352,-0.0198,-0.016,-0.0008,-0.376,0.676,-0.352,0.016,0.0,0.0,0.0,-0.2,0.0,0.0,0.0,-0.4324871006925613,0.0,0.0,0.5189845208310735,0.0,0.0,0.0
6.352705410821643,-0.01867,-0.00196,-0.376,0.676,-0.352,-0.0198,-0.016,-0.0008,-0.376,0.676,-0.352,0.016,0.0,0.0,0.0,-0.2,0.0,0.0,0.0,-0.4474164482591998,0.0,0.0,0.5368997379110397,0.0,0.0,0.0
6.372745490981964,-0.01867,-0.00196,-0.376,0.676,-0.352,-0.0198,-0.016,-0.0008,-0.376,0.676,-0.352,0.016,0.0,0.0,0.0,-0.2,0.0,0.0,0.0,-0.4605729656109262,0.0,0.0,0.5526875587331114,0.0,0.0,0.0
6.3927855711422845,-0.01867,-0.00196,-0.376,0.676,-0.352,-0.0198,-0.016,-0.0008,-0.376,0.676,-0.352,0.016,0.0,0.0,0.0,-0.2,0.0,0.0,0.0,-0.4719045217374141,0.0,0.0,0.5662854260848968,0.0,0.0,0.0
6.4128256513026045,-0.01867,-0.00196,-0.376,0.676,-0.352,-0.0198,-0.016,-0.0008,-0.376,0.676,-0.352,0.016,0.0,0.0,0.0,-0.2,0.0,0.0,0.0,-0.48136621680281394,0.0,0.0,0.5776394601633768,0.0,0.0,0.0
6.432865731462925,-0.01867,-0.00196,-0.376,0.676,-0.352,-0.0198,-0.016,-0.0008,-0.376,0.676,-0.352,0.016,0.0,0.0,0.0,-0.2,0.0,0.0,0.0,-0.4889205600555874,0.0,0.0,0.5867046720667048,0.0,0.0,0.0
6.452905811623246,-0.01867,-0.00196,-0.376,0.676,-0.352,-0.0198,-0.016,-0.0008,-0.376,0.676,-0.352,0.016,0.0,0.0,0.0,-0.2,0.0,0.0,0.0,-0.49453761838079285,0.0,0.0,0.5934451420569514,0.0,0.0,0.0
6.472945891783567,-0.01867,-0.00196,-0.376,0.676,-0.352,-0.0198,-0.016,-0.0008,-0.376,0.676,-0.352,0.016,0.0,0.0,0.0,-0.2,0.0,0.0,0.0,-0.49819513490621065,0.0,0.0,0.5978341618874528,0.0,0.0,0.0
6.492985971943887,-0.01867,-0.00196,-0.376,0.676,-0.352,-0.0198,-0.016,-0.0008,-0.376,0.676,-0.352,0.016,0.0,0.0,0.0,-0.2,0.0,0.0,0.0,-0.4998786171923405,0.0,0.0,0.5998543406308086,0.0,0.0,0.0
6.513026052104208,-0.01867,-0.00196,-0.376,0.676,-0.352,-0.0198,-0.016,-0.0008,-0.376,0.676,-0.352,0.016,0.0,0.0,0.0,-0.2,0.0,0.0,0.0,-0.49958139465683205,0.0,0.0,0.5994976735881984,0.0,0.0,0.0
6.533066132264529,-0.01867,-0.00196,-0.376,0.676,-0.352,-0.0198,-0.016,-0.0008,-0.376,0.676,-0.352,0.016,0.0,0.0,0.0,-0.2,0.0,0.0,0.0,-0.49730464500580995,0.0,0.0,0.5967655740069719,0.0,0.0,0.0
6.55310621242485,-0.01867,-0.00196,-0.376,0.676,-0.352,-0.0198,-0.016,-0.0008,-0.376,0.676,-0.352,0.016,0.0,0.0,0.0,-0.2,0.0,0.0,0.0,-0.4930573895673655,0.0,0.0,0.5916688674808386,0.0,0.0,0.0
6.57314629258517,-0.01867,-0.00196,-0.376,0.676,-0.352,-0.0198,-0.016,-0.0008,-0.376,0.676,-0.352,0.016,0.0,0.0,0.0,-0.2,0.0,0.0,0.0,-0.4868564575457024,0.0,0.0,0.5842277490548429,0.0,0.0,0.0
6.593186372745491,-0.01867,-0.00196,-0.376,0.676,-0.352,-0.0198,-0.016,-0.0008,-0.376,0.676,-0.352,0.016,0.0,0.0,0.0,-0.2,0.0,0.0,0.0,-0.4787264193375754,0.0,0.0,0.5744717032050904,0.0,0.0,0.0
6.613226452905812,-0.01867,-0.00196,-0.376,0.676,-0.352,-0.0198,-0.016,-0.0008,-0.376,0.676,-0.352,0.016,0.0,0.0,0.0,-0.2,0.0,0.0,0.0,-0.4686994891752508,0.0,0.0,0.5624393870103009,0.0,0.0,0.0
6.633266533066132,-0.01867,-0.00196,-0.376,0.676,-0.352,-0.0198,-0.016,-0.0008,-0.376,0.676,-0.352,0.016,0.0,0.0,0.0,-0.2,0.0,0.0,0.0,-0.45681539748174693,0.0,0.0,0.5481784769780963,0.0,0.0,0.0
6.6533066132264524,-0.01867,-0.00196,-0.376,0.676,-0.352,-0.0198,-0.016,-0.0008,-0.376,0.676,-0.352,0.016,0.0,0.0,0.0,-0.2,0.0,0.0,0.0,-0.4431212334441347,0.0,0.0,0.5317454801329616,0.0,0.0,0.0
6.673346693386773,-0.01867,-0.00196,-0.376,0.676,-0.352,-0.0198,-0.016,-0.0008,-0.376,0.676,-0.352,0.016,0.0,0.0,0.0,-0.2,0.0,0.0,0.0,-0.4276712584286836,0.0,0.0,0.5132055101144203,0.0,0.0,0.0
6.693386773547094,-0.01867,-0.00196,-0.376,0.676,-0.352,-0.0198,-0.016,-0.0008,-0.376,0.676,-0.352,0.016,0.0,0.0,0.0,-0.2,0.0,0.0,0.0,-0.4105266909771653,0.0,0.0,0.49263202917259835,0.0,0.0,0.0
6.713426853707414,-0.01867,-0.00196,-0.376,0.676,-0.352,-0.0198,-0.016,-0.0008,-0.376,0.676,-0.352,0.016,0.0,0.0,0.0,-0.2,0.0,0.0,0.0,-0.3917554642362451,0.0,0.0,0.4701065570834941,0.0,0.0,0.0
6.733466933867735,-0.01867,-0.00196,-0.376,0.676,-0.352,-0.0198,-0.016,-0.0008,-0.376,0.676,-0.352,0.016,0.0,0.0,0.0,-0.2,0.0,0.0,0.0,-0.3714319567811094,0.0,0.0,0.4457183481373313,0.0,0.0,0.0
6.753507014028056,-0.01867,-0.00196,-0.376,0.676,-0.352,-0.0198,-0.016,-0.0008,-0.376,0.676,-0.352,0.016,0.0,0.0,0.0,-0.2,0.0,0.0,0.0,-0.34963669789991925,0.0,0.0,0.41956403747990306,0.0,0.0,0.0
6.773547094188377,-0.01867,-0.00196,-0.376,0.676,-0.352,-0.0198,-0.016,-0.0008,-0.376,0.676,-0.352,0.016,0.0,0.0,0.0,-0.2,0.0,0.0,0.0,-0.32645604850684445,0.0,0.0,0.3917472582082133,0.0,0.0,0.0
6.793587174348697,-0.01867,-0.00196,-0.376,0.676,-0.352,-0.0198,-0.016,-0.0008,-0.376,0.676,-0.352,0.016,0.0,0.0,0.0,-0.2,0.0,0.0,0.0,-0.30198185894803603,0.0,0.0,0.36237823073764325,0.0,0.0,0.0
6.813627254509018,-0.01867,-0.00196,-0.376,0.676,-0.352,-0.0198,-0.016,-0.0008,-0.376,0.676,-0.352,0.016,0.0,0.0,0.0,-0.2,0.0,0.0,0.0,-0.2763111050564179,0.0,0.0,0.3315733260677015,0.0,0.0,0.0
6.833667334669339,-0.01867,-0.00196,-0.376,0.676,-0.352,-0.0198,-0.016,-0.0008,-0.376,0.676,-0.352,0.016,0.0,0.0,0.0,-0.2,0.0,0.0,0.0,-0.24954550389741464,0.0,0.0,0.29945460467689755,0.0,0.0,0.0
6.853707414829659,-0.01867,-0.00196,-0.376,0.676,-0.352,-0.0198,-0.016,-0.0008,-0.376,0.676,-0.352,0.016,0.0,0.0,0.0,-0.2,0.0,0.0,0.0,-0.22179111072813612,0.0,0.0,0.26614933287376336,0.0,0.0,0.0
6.8737474949899795,-0.01867,-0.00196,-0.376,0.676,-0.352,-0.0198,-0.016,-0.0008,-0.376,0.676,-0.352,0.016,0.0,0.0,0.0,-0.2,0.0,0.0,0.0,-0.19315789876704012,0.0,0.0,0.23178947852044812,0.0,0.0,0.0
6.8937875751503,-0.01867,-0.00196,-0.376,0.676,-0.352,-0.0198,-0.016,-0.0008,-0.376,0.676,-0.352,0.016,0.0,0.0,0.0,-0.2,0.0,0.0,0.0,-0.16375932343918462,0.0,0.0,0.19651118812702154,0.0,0.0,0.0
6.913827655310621,-0.01867,-0.00196,-0.376,0.676,-0.352,-0.0198,-0.016,-0.0008,-0.376,0.676,-0.352,0.016,0.0,0.0,0.0,-0.2,0.0,0.0,0.0,-0.13371187282367214,0.0,0.0,0.16045424738840655,0.0,0.0,0.0
6.933867735470941,-0.01867,-0.00196,-0.376,0.676,-0.352,-0.0198,-0.016,-0.0008,-0.376,0.676,-0.352,0.016,0.0,0.0,0.0,-0.2,0.0,0.0,0.0,-0.1031346060845994,0.0,0.0,0.12376152730151928,0.0,0.0,0.0
6.953907815631262,-0.01867,-0.00196,-0.376,0.676,-0.352,-0.0198,-0.016,-0.0008,-0.376,0.676,-0.352,0.016,0.0,0.0,0.0,-0.2,0.0,0.0,0.0,-0.072148681714405,0.0,0.0,0.086578418057286,0.0,0.0,0.0
6.973947895791583,-0.01867,-0.00196,-0.376,0.676,-0.352,-0.0198,-0.016,-0.0008,-0.376,0.676,-0.352,0.016,0.0,0.0,0.0,-0.2,0.0,0.0,0.0,-0.040876877458911186,0.0,0.0,0.049052252950693424,0.0,0.0,0.0
6.993987975951904,-0.01867,-0.00196,-0.376,0.676,-0.352,-0.0198,-0.016,-0.0008,-0.376,0.676,-0.352,0.016,0.0,0.0,0.0,-0.2,0.0,0.0,0.0,-0.009443103826269079,0.0,0.0,0.011331724591522895,0.0,0.0,0.0
7.014028056112224,-0.01867,-0.00196,-0.376,0.676,-0.352,-0.0198,-0.016,-0.0008,-0.376,0.676,-0.352,0.016,0.0,0.0,0.0,-0.2,0.0,0.0,0.0,0.022028086892513486,0.0,0.0,-0.02643370427101618,0.0,0.0,0.0
7.034068136272545,-0.01867,-0.00196,-0.376,0.676,-0.352,-0.0198,-0.016,-0.0008,-0.376,0.676,-0.352,0.016,0.0,0.0,0.0,-0.2,0.0,0.0,0.0,0.053411994146034286,0.0,0.0,-0.06409439297524114,0.0,0.0,0.0
7.054108216432866,-0.01867,-0.00196,-0.376,0.676,-0.352,-0.0198,-0.016,-0.0008,-0.376,0.676,-0.352,0.016,0.0,0.0,0.0,-0.2,0.0,0.0,0.0,0.08458426323240846,0.0,0.0,-0.10150111587889014,0.0,0.0,0.0
7.074148296593186,-0.01867,-0.00196,-0.376,0.676,-0.352,-0.0198,-0.016,-0.0008,-0.376,0.676,-0.352,0.016,0.0,0.0,0.0,-0.2,0.0,0.0,0.0,0.11542137803880799,0.0,0.0,-0.13850565364656958,0.0,0.0,0.0
7.0941883767535066,-0.01867,-0.00196,-0.376,0.676,-0.352,-0.0198,-0.016,-0.0008,-0.376,0.676,-0.352,0.016,0.0,0.0,0.0,-0.2,0.0,0.0,0.0,0.1458011504581996,0.0,0.0,-0.17496138054983953,0.0,0.0,0.0
7.114228456913827,-0.01867,-0.00196,-0.376,0.676,-0.352,-0.0198,-0.016,-0.0008,-0.376,0.676,-0.352,0.016,0.0,0.0,0.0,-0.2,0.0,0.0,0.0,0.17560320454401848,0.0,0.0,-0.21072384545282216,0.0,0.0,0.0
7.134268537074148,-0.01867,-0.00196,-0.376,0.676,-0.352,-0.0198,-0.016,-0.0008,-0.376,0.676,-0.352,0.016,0.0,0.0,0.0,-0.2,0.0,0.0,0.0,0.20470945348440212,0.0,0.0,-0.24565134418128254,0.0,0.0,0.0
7.154308617234468,-0.01867,-0.00196,-0.376,0.676,-0.352,-0.0198,-0.016,-0.0008,-0.376,0.676,-0.352,0.016,0.0,0.0,0.0,-0.2,0.0,0.0,0.0,0.2330045675060138,0.0,0.0,-0.27960548100721655,0.0,0.0,0.0
7.174348697394789,-0.01867,-0.00196,-0.376,0.676,-0.352,-0.0198,-0.016,-0.0008,-0.376,0.676,-0.352,0.016,0.0,0.0,0.0,-0.2,0.0,0.0,0.0,0.26037643085346285,0.0,0.0,-0.3124517170241554,0.0,0.0,0.0
7.19438877755511,-0.01867,-0.00196,-0.376,0.676,-0.352,-0.0198,-0.016,-0.0008,-0.376,0.676,-0.352,0.016,0.0,0.0,0.0,-0.2,0.0,0.0,0.0,0.28671658603357886,0.0,0.0,-0.3440599032402946,0.0,0.0,0.0
7.214428857715431,-0.01867,-0.00196,-0.376,0.676,-0.352,-0.0198,-0.016,-0.0008,-0.376,0.676,-0.352,0.016,0.0,0.0,0.0,-0.2,0.0,0.0,0.0,0.31192066356430437,0.0,0.0,-0.37430479627716523,0.0,0.0,0.0
7.234468937875751,-0.01867,-0.00196,-0.376,0.676,-0.352,-0.0198,-0.016,-0.0008,-0.376,0.676,-0.352,0.016,0.0,0.0,0.0,-0.2,0.0,0.0,0.0,0.3358887955253612,0.0,0.0,-0.40306655463043345,0.0,0.0,0.0
7.254509018036072,-0.01867,-0.00196,-0.376,0.676,-0.352,-0.0198,-0.016,-0.0008,-0.376,0.676,-0.352,0.016,0.0,0.0,0.0,-0.2,0.0,0.0,0.0,0.3585260112720626,0.0,0.0,-0.4302312135264751,0.0,0.0,0.0
7.274549098196393,-0.01867,-0.00196,-0.376,0.676,-0.352,-0.0198,-0.016,-0.0008,-0.376,0.676,-0.352,0.016,0.0,0.0,0.0,-0.2,0.0,0.0,0.0,0.3797426137442894,0.0,0.0,-0.4556911364931473,0.0,0.0,0.0
7.294589178356713,-0.01867,-0.00196,-0.376,0.676,-0.352,-0.0198,-0.016,-0.0008,-0.376,0.676,-0.352,0.016,0.0,0.0,0.0,-0.2,0.0,0.0,0.0,0.39945453487957505,0.0,0.0,-0.47934544185549005,0.0,0.0,0.0
7.314629258517034,-0.01867,-0.00196,-0.376,0.676,-0.352,-0.0198,-0.016,-0.0008,-0.376,0.676,-0.352,0.016,0.0,0.0,0.0,-0.2,0.0,0.0,0.0,0.4175836687220078,0.0,0.0,-0.5011004024664093,0.0,0.0,0.0
7.3346693386773545,-0.01867,-0.00196,-0.376,0.676,-0.352,-0.0198,-0.016,-0.0008,-0.376,0.676,-0.352,0.016,0.0,0.0,0.0,-0.2,0.0,0.0,0.0,0.43405818090704545,0.0,0.0,-0.5208698170884545,0.0,0.0,0.0
7.354709418837675,-0.01867,-0.00196,-0.376,0.676,-0.352,-0.0198,-0.016,-0.0008,-0.376,0.676,-0.352,0.016,0.0,0.0,0.0,-0.2,0.0,0.0,0.0,0.4488127932959626,0.0,0.0,-0.538575351955155,0.0,0.0,0.0
7.374749498997995,-0.01867,-0.00196,-0.376,0.676,-0.352,-0.0198,-0.016,-0.0008,-0.376,0.676,-0.352,0.016,0.0,0.0,0.0,-0.2,0.0,0.0,0.0,0.46178904263208936,0.0,0.0,-0.5541468511585073,0.0,0.0,0.0
7.394789579158316,-0.01867,-0.00196,-0.376,0.676,-0.352,-0.0198,-0.016,-0.0008,-0.376,0.676,-0.352,0.016,0.0,0.0,0.0,-0.2,0.0,0.0,0.0,0.4729355121939619,0.0,0.0,-0.5675226146327542,0.0,0.0,0.0
7.414829659318637,-0.01867,-0.00196,-0.376,0.676,-0.352,-0.0198,-0.016,-0.0008,-0.376,0.676,-0.352,0.016,0.0,0.0,0.0,-0.2,0.0,0.0,0.0,0.48220803552747177,0.0,0.0,-0.5786496426329661,0.0,0.0,0.0
7.434869739478958,-0.01867,-0.00196,-0.376,0.676,-0.352,-0.0198,-0.016,-0.0008,-0.376,0.676,-0.352,0.016,0.0,0.0,0.0,-0.2,0.0,0.0,0.0,0.48956987144977243,0.0,0.0,-0.5874838457397269,0.0,0.0,0.0
7.454909819639278,-0.01867,-0.00196,-0.376,0.676,-0.352,-0.0198,-0.016,-0.0008,-0.376,0.676,-0.352,0.016,0.0,0.0,0.0,-0.2,0.0,0.0,0.0,0.4949918496314959,0.0,0.0,-0.5939902195577951,0.0,0.0,0.0
7.474949899799599,-0.01867,-0.00196,-0.376,0.676,-0.352,-0.0198,-0.016,-0.0008,-0.376,0.676,-0.352,0.016,0.0,0.0,0.0,-0.2,0.0,0.0,0.0,0.4984524861804376,0.0,0.0,-0.598142983416525,0.0,0.0,0.0
7.49498997995992,-0.01867,-0.00196,-0.376,0.676,-0.352,-0.0198,-0.016,-0.0008,-0.376,0.676,-0.352,0.016,0.0,0.0,0.0,-0.2,0.0,0.0,0.0,0.49993806876871866,0.0,0.0,-0.5999256825224624,0.0,0.0,0.0
7.51503006012024,-0.01867,-0.00196,-0.376,0.676,-0.352,-0.0198,-0.016,-0.0008,-0.376,0.676,-0.352,0.016,0.0,0.0,0.0,-0.2,0.0,0.0,0.0,0.49944271096612525,0.0,0.0,-0.5993312531593503,0.0,0.0,0.0
7.535070140280561,-0.01867,-0.00196,-0.376,0.676,-0.352,-0.0198,-0.016,-0.0008,-0.376,0.676,-0.352,0.016,0.0,0.0,0.0,-0.2,0.0,0.0,0.0,0.4969683755643317,0.0,0.0,-0.596362050677198,0.0,0.0,0.0
7.5551102204408815,-0.01867,-0.00196,-0.376,0.676,-0.352,-0.0198,-0.016,-0.0008,-0.376,0.676,-0.352,0.016,0.0,0.0,0.0,-0.2,0.0,0.0,0.0,0.4925248667995909,0.0,0.0,-0.5910298401595091,0.0,0.0,0.0
7.575150300601202,-0.01867,-0.00196,-0.376,0.676,-0.352,-0.0198,-0.016,-0.0008,-0.376,0.676,-0.352,0.016,0.0,0.0,0.0,-0.2,0.0,0.0,0.0,0.48612979150470687,0.0,0.0,-0.5833557498056482,0.0,0.0,0.0
7.595190380761522,-0.01867,-0.00196,-0.376,0.676,-0.352,-0.0198,-0.016,-0.0008,-0.376,0.676,-0.352,0.016,0.0,0.0,0.0,-0.2,0.0,0.0,0.0,0.47780848934422204,0.0,0.0,-0.5733701872130664,0.0,0.0,0.0
7.615230460921843,-0.01867,-0.00196,-0.376,0.676,-0.352,-0.0198,-0.016,-0.0008,-0.376,0.676,-0.352,0.016,0.0,0.0,0.0,-0.2,0.0,0.0,0.0,0.46759393240924896,0.0,0.0,-0.5611127188910987,0.0,0.0,0.0
7.635270541082164,-0.01867,-0.00196,-0.376,0.676,-0.352,-0.0198,-0.016,-0.0008,-0.376,0.676,-0.352,0.016,0.0,0.0,0.0,-0.2,0.0,0.0,0.0,0.45552659456979544,0.0,0.0,-0.5466319134837545,0.0,0.0,0.0
7.655310621242485,-0.01867,-0.00196,-0.376,0.676,-0.352,-0.0198,-0.016,-0.0008,-0.376,0.676,-0.352,0.016,0.0,0.0,0.0,-0.2,0.0,0.0,0.0,0.4416542911022527,0.0,0.0,-0.5299851493227032,0.0,0.0,0.0
7.675350701402805,-0.01867,-0.00196,-0.376,0.676,-0.352,-0.0198,-0.016,-0.0008,-0.376,0.676,-0.352,0.016,0.0,0.0,0.0,-0.2,0.0,0.0,0.0,0.426031989227504,0.0,0.0,-0.5112383870730048,0.0,0.0,0.0
7.695390781563126,-0.01867,-0.00196,-0.376,0.676,-0.352,-0.0198,-0.016,-0.0008,-0.376,0.676,-0.352,0.016,0.0,0.0,0.0,-0.2,0.0,0.0,0.0,0.4087215903103666,0.0,0.0,-0.49046590837243986,0.0,0.0,0.0
7.715430861723447,-0.01867,-0.00196,-0.376,0.676,-0.352,-0.0198,-0.016,-0.0008,-0.376,0.676,-0.352,0.016,0.0,0.0,0.0,-0.2,0.0,0.0,0.0,0.38979168458339086,0.0,0.0,-0.467750021500069,0.0,0.0,0.0
7.735470941883767,-0.01867,-0.00196,-0.376,0.676,-0.352,-0.0198,-0.016,-0.0008,-0.376,0.676,-0.352,0.016,0.0,0.0,0.0,-0.2,0.0,0.0,0.0,0.3693172793668696,0.0,0.0,-0.4431807352402435,0.0,0.0,0.0
7.755511022044088,-0.01867,-0.00196,-0.376,0.676,-0.352,-0.0198,-0.016,-0.0008,-0.376,0.676,-0.352,0.016,0.0,0.0,0.0,-0.2,0.0,0.0,0.0,0.34737950186196104,0.0,0.0,-0.41685540223435325,0.0,0.0,0.0
7.775551102204409,-0.01867,-0.00196,-0.376,0.676,-0.352,-0.0198,-0.016,-0.0008,-0.376,0.676,-0.352,0.016,0.0,0.0,0.0,-0.2,0.0,0.0,0.0,0.32406527769457816,0.0,0.0,-0.3888783332334938,0.0,0.0,0.0
7.7955911823647295,-0.01867,-0.00196,-0.376,0.676,-0.352,-0.0198,-0.016,-0.0008,-0.376,0.676,-0.352,0.016,0.0,0.0,0.0,-0.2,0.0,0.0,0.0,0.2994669864837595,0.0,0.0,-0.35936038378051144,0.0,0.0,0.0
7.8156312625250495,-0.01867,-0.00196,-0.376,0.676,-0.352,-0.0198,-0.016,-0.0008,-0.376,0.676,-0.352,0.016,0.0,0.0,0.0,-0.2,0.0,0.0,0.0,0.2736820957992905,0.0,0.0,-0.3284185149591486,0.0,0.0,0.0
7.83567134268537,-0.01867,-0.00196,-0.376,0.676,-0.352,-0.0198,-0.016,-0.0008,-0.376,0.676,-0.352,0.016,0.0,0.0,0.0,-0.2,0.0,0.0,0.0,0.24681277495897436,0.0,0.0,-0.29617532995076923,0.0,0.0,0.0
7.855711422845691,-0.01867,-0.00196,-0.376,0.676,-0.352,-0.0198,-0.016,-0.0008,-0.376,0.676,-0.352,0.016,0.0,0.0,0.0,-0.2,0.0,0.0,0.0,0.21896549019583908,0.0,0.0,-0.26275858823500686,0.0,0.0,0.0
7.875751503006012,-0.01867,-0.00196,-0.376,0.676,-0.352,-0.0198,-0.016,-0.0008,-0.376,0.676,-0.352,0.016,0.0,0.0,0.0,-0.2,0.0,0.0,0.0,0.19025058279935392,0.0,0.0,-0.2283006993592247,0.0,0.0,0.0
7.895791583166332,-0.01867,-0.00196,-0.376,0.676,-0.352,-0.0198,-0.016,-0.0008,-0.376,0.676,-0.352,0.016,0.0,0.0,0.0,-0.2,0.0,0.0,0.0,0.1607818319022487,0.0,0.0,-0.19293819828269845,0.0,0.0,0.0
7.915831663326653,-0.01867,-0.00196,-0.376,0.676,-0.352,-0.0198,-0.016,-0.0008,-0.376,0.676,-0.352,0.016,0.0,0.0,0.0,-0.2,0.0,0.0,0.0,0.13067600364530413,0.0,0.0,-0.15681120437436494,0.0,0.0,0.0
7.935871743486974,-0.01867,-0.00196,-0.376,0.676,-0.352,-0.0198,-0.016,-0.0008,-0.376,0.676,-0.352,0.016,0.0,0.0,0.0,-0.2,0.0,0.0,0.0,0.10005238850652233,0.0,0.0,-0.12006286620782679,0.0,0.0,0.0
7.955911823647294,-0.01867,-0.00196,-0.376,0.676,-0.352,-0.0198,-0.016,-0.0008,-0.376,0.676,-0.352,0.016,0.0,0.0,0.0,-0.2,0.0,0.0,0.0,0.06903232862792844,0.0,0.0,-0.08283879435351411,0.0,0.0,0.0
7.975951903807615,-0.01867,-0.00196,-0.376,0.676,-0.352,-0.0198,-0.016,-0.0008,-0.376,0.676,-0.352,0.016,0.0,0.0,0.0,-0.2,0.0,0.0,0.0,0.03773873701290885,0.0,0.0,-0.045286484415490616,0.0,0.0,0.0
7.995991983967936,-0.01867,-0.00196,-0.376,0.676,-0.352,-0.0198,-0.016,-0.0008,-0.376,0.676,-0.352,0.016,0.0,0.0,0.0,-0.2,0.0,0.0,0.0,0.006295610499228658,0.0,0.0,-0.007554732599074389,0.0,0.0,0.0
8.016032064128256,-0.01867,-0.00196,-0.376,0.676,-0.352,-0.0198,-0.016,-0.0008,-0.376,0.676,-0.352,0.016,0.0,0.0,0.0,-0.2,0.0,0.0,0.0,-0.025172461562513047,0.0,0.0,0.030206953875015655,0.0,0.0,0.0
8.036072144288577,-0.01867,-0.00196,-0.376,0.676,-0.352,-0.0198,-0.016,-0.0008,-0.376,0.676,-0.352,0.016,0.0,0.0,0.0,-0.2,0.0,0.0,0.0,-0.056540790978192035,0.0,0.0,0.06784894917383044,0.0,0.0,0.0
8.056112224448897,-0.01867,-0.00196,-0.376,0.676,-0.352,-0.0198,-0.016,-0.0008,-0.376,0.676,-0.352,0.016,0.0,0.0,0.0,-0.2,0.0,0.0,0.0,-0.08768508477110658,0.0,0.0,0.1052221017253279,0.0,0.0,0.0
8.076152304609218,-0.01867,-0.00196,-0.376,0.676,-0.352,-0.0198,-0.016,-0.0008,-0.376,0.676,-0.352,0.016,0.0,0.0,0.0,-0.2,0.0,0.0,0.0,-0.11848193767693568,0.0,0.0,0.14217832521232282,0.0,0.0,0.0
8.09619238476954,-0.01867,-0.00196,-0.376,0.676,-0.352,-0.0198,-0.016,-0.0008,-0.376,0.676,-0.352,0.016,0.0,0.0,0.0,-0.2,0.0,0.0,0.0,-0.14880932112125542,0.0,0.0,0.1785711853455065,0.0,0.0,0.0
8.11623246492986,-0.01867,-0.00196,-0.376,0.676,-0.352,-0.0198,-0.016,-0.0008,-0.376,0.676,-0.352,0.016,0.0,0.0,0.0,-0.2,0.0,0.0,0.0,-0.178547066742086,0.0,0.0,0.21425648009050322,0.0,0.0,0.0
8.13627254509018,-0.01867,-0.00196,-0.376,0.676,-0.352,-0.0198,-0.016,-0.0008,-0.376,0.676,-0.352,0.016,0.0,0.0,0.0,-0.2,0.0,0.0,0.0,-0.20757734254159763,0.0,0.0,0.24909281104991715,0.0,0.0,0.0
8.1563126252505,-0.01867,-0.00196,-0.376,0.676,-0.352,-0.0198,-0.016,-0.0008,-0.376,0.676,-0.352,0.016,0.0,0.0,0.0,-0.2,0.0,0.0,0.0,-0.2357851197802716,0.0,0.0,0.2829421437363259,0.0,0.0,0.0
8.176352705410821,-0.01867,-0.00196,-0.376,0.676,-0.352,-0.0198,-0.016,-0.0008,-0.376,0.676,-0.352,0.016,0.0,0.0,0.0,-0.2,0.0,0.0,0.0,-0.26305862876349967,0.0,0.0,0.31567035451619957,0.0,0.0,0.0
8.196392785571142,-0.01867,-0.00196,-0.376,0.676,-0.352,-0.0198,-0.016,-0.0008,-0.376,0.676,-0.352,0.016,0.0,0.0,0.0,-0.2,0.0,0.0,0.0,-0.2892898017146479,0.0,0.0,0.34714776205757747,0.0,0.0,0.0
8.216432865731463,-0.01867,-0.00196,-0.376,0.676,-0.352,-0.0198,-0.016,-0.0008,-0.376,0.676,-0.352,0.016,0.0,0.0,0.0,-0.2,0.0,0.0,0.0,-0.314374700979746,0.0,0.0,0.3772496411756952,0.0,0.0,0.0
8.236472945891784,-0.01867,-0.00196,-0.376,0.676,-0.352,-0.0198,-0.016,-0.0008,-0.376,0.676,-0.352,0.016,0.0,0.0,0.0,-0.2,0.0,0.0,0.0,-0.3382139308670876,0.0,0.0,0.40585671704050513,0.0,0.0,0.0
8.256513026052104,-0.01867,-0.00196,-0.376,0.676,-0.352,-0.0198,-0.016,-0.0008,-0.376,0.676,-0.352,0.016,0.0,0.0,0.0,-0.2,0.0,0.0,0.0,-0.36071303148989564,0.0,0.0,0.4328556377878748,0.0,0.0,0.0
8.276553106212425,-0.01867,-0.00196,-0.376,0.676,-0.352,-0.0198,-0.016,-0.0008,-0.376,0.676,-0.352,0.016,0.0,0.0,0.0,-0.2,0.0,0.0,0.0,-0.38178285305149373,0.0,0.0,0.45813942366179244,0.0,0.0,0.0
8.296593186372744,-0.01867,-0.00196,-0.376,0.676,-0.352,-0.0198,-0.016,-0.0008,-0.376,0.676,-0.352,0.016,0.0,0.0,0.0,-0.2,0.0,0.0,0.0,-0.4013399090899207,0.0,0.0,0.4816078909079048,0.0,0.0,0.0
8.316633266533065,-0.01867,-0.00196,-0.376,0.676,-0.352,-0.0198,-0.016,-0.0008,-0.376,0.676,-0.352,0.016,0.0,0.0,0.0,-0.2,0.0,0.0,0.0,-0.4193067072823246,0.0,0.0,0.5031680487387895,0.0,0.0,0.0
8.336673346693386,-0.01867,-0.00196,-0.376,0.676,-0.352,-0.0198,-0.016,-0.0008,-0.376,0.676,-0.352,0.016,0.0,0.0,0.0,-0.2,0.0,0.0,0.0,-0.43561205649832613,0.0,0.0,0.5227344677979914,0.0,0.0,0.0
8.356713426853707,-0.01867,-0.00196,-0.376,0.676,-0.352,-0.0198,-0.016,-0.0008,-0.376,0.676,-0.352,0.016,0.0,0.0,0.0,-0.2,0.0,0.0,0.0,-0.4501913488857398,0.0,0.0,0.5402296186628878,0.0,0.0,0.0
8.376753507014028,-0.01867,-0.00196,-0.376,0.676,-0.352,-0.0198,-0.016,-0.0008,-0.376,0.676,-0.352,0.016,0.0,0.0,0.0,-0.2,0.0,0.0,0.0,-0.46298681587088586,0.0,0.0,0.555584179045063,0.0,0.0,0.0
8.396793587174349,-0.01867,-0.00196,-0.376,0.676,-0.352,-0.0198,-0.016,-0.0008,-0.376,0.676,-0.352,0.016,0.0,0.0,0.0,-0.2,0.0,0.0,0.0,-0.4739477570591474,0.0,0.0,0.5687373084709768,0.0,0.0,0.0
8.41683366733467,-0.01867,-0.00196,-0.376,0.676,-0.352,-0.0198,-0.016,-0.0008,-0.376,0.676,-0.352,0.016,0.0,0.0,0.0,-0.2,0.0,0.0,0.0,-0.48303074112876954,0.0,0.0,0.5796368893545234,0.0,0.0,0.0
8.436873747494989,-0.01867,-0.00196,-0.376,0.676,-0.352,-0.0198,-0.016,-0.0008,-0.376,0.676,-0.352,0.016,0.0,0.0,0.0,-0.2,0.0,0.0,0.0,-0.49019977792189645,0.0,0.0,0.5882397335062757,0.0,0.0,0.0
8.45691382765531,-0.01867,-0.00196,-0.376,0.676,-0.352,-0.0198,-0.016,-0.0008,-0.376,0.676,-0.352,0.016,0.0,0.0,0.0,-0.2,0.0,0.0,0.0,-0.4954264610509494,0.0,0.0,0.5945117532611393,0.0,0.0,0.0
8.47695390781563,-0.01867,-0.00196,-0.376,0.676,-0.352,-0.0198,-0.016,-0.0008,-0.376,0.676,-0.352,0.016,0.0,0.0,0.0,-0.2,0.0,0.0,0.0,-0.4986900804552877,0.0,0.0,0.5984280965463452,0.0,0.0,0.0
8.496993987975952,-0.01867,-0.00196,-0.376,0.676,-0.352,-0.0198,-0.016,-0.0008,-0.376,0.676,-0.352,0.016,0.0,0.0,0.0,-0.2,0.0,0.0,0.0,-0.4999777044621652,0.0,0.0,0.5999732453545983,0.0,0.0,0.0
8.517034068136272,-0.01867,-0.00196,-0.376,0.676,-0.352,-0.0198,-0.016,-0.0008,-0.376,0.676,-0.352,0.016,0.0,0.0,0.0,-0.2,0.0,0.0,0.0,-0.4992842310268233,0.0,0.0,0.5991410772321879,0.0,0.0,0.0
8.537074148296593,-0.01867,-0.00196,-0.376,0.676,-0.352,-0.0198,-0.016,-0.0008,-0.376,0.676,-0.352,0.016,0.0,0.0,0.0,-0.2,0.0,0.0,0.0,-0.4966124079486873,0.0,0.0,0.5959348895384247,0.0,0.0,0.0
8.557114228456914,-0.01867,-0.00196,-0.376,0.676,-0.352,-0.0198,-0.016,-0.0008,-0.376,0.676,-0.352,0.016,0.0,0.0,0.0,-0.2,0.0,0.0,0.0,-0.4919728219835642,0.0,0.0,0.590367386380277,0.0,0.0,0.0
8.577154308617233,-0.01867,-0.00196,-0.376,0.676,-0.352,-0.0198,-0.016,-0.0008,-0.376,0.676,-0.352,0.016,0.0,0.0,0.0,-0.2,0.0,0.0,0.0,-0.48538385689498365,0.0,0.0,0.5824606282739804,0.0,0.0,0.0
8.597194388777554,-0.01867,-0.00196,-0.376,0.676,-0.352,-0.0198,-0.016,-0.0008,-0.376,0.676,-0.352,0.016,0.0,0.0,0.0,-0.2,0.0,0.0,0.0,-0.4768716206108925,0.0,0.0,0.572245944733071,0.0,0.0,0.0
8.617234468937875,-0.01867,-0.00196,-0.376,0.676,-0.352,-0.0198,-0.016,-0.0008,-0.376,0.676,-0.352,0.016,0.0,0.0,0.0,-0.2,0.0,0.0,0.0,-0.4664698417743481,0.0,0.0,0.5597638101292177,0.0,0.0,0.0
8.637274549098196,-0.01867,-0.00196,-0.376,0.676,-0.352,-0.0198,-0.016,-0.0008,-0.376,0.676,-0.352,0.016,0.0,0.0,0.0,-0.2,0.0,0.0,0.0,-0.454219736098098,0.0,0.0,0.5450636833177176,0.0,0.0,0.0
8.657314629258517,-0.01867,-0.00196,-0.376,0.676,-0.352,-0.0198,-0.016,-0.0008,-0.376,0.676,-0.352,0.016,0.0,0.0,0.0,-0.2,0.0,0.0,0.0,-0.4401698430526145,0.0,0.0,0.5282038116631373,0.0,0.0,0.0
8.677354709418838,-0.01867,-0.00196,-0.376,0.676,-0.352,-0.0198,-0.016,-0.0008,-0.376,0.676,-0.352,0.016,0.0,0.0,0.0,-0.2,0.0,0.0,0.0,-0.42437583353467356,0.0,0.0,0.5092510002416083,0.0,0.0,0.0
8.697394789579159,-0.01867,-0.00196,-0.376,0.676,-0.352,-0.0198,-0.016,-0.0008,-0.376,0.676,-0.352,0.016,0.0,0.0,0.0,-0.2,0.0,0.0,0.0,-0.4069002892785798,0.0,0.0,0.48828034713429574,0.0,0.0,0.0
8.71743486973948,-0.01867,-0.00196,-0.376,0.676,-0.352,-0.0198,-0.016,-0.0008,-0.376,0.676,-0.352,0.016,0.0,0.0,0.0,-0.2,0.0,0.0,0.0,-0.3878124548840776,0.0,0.0,0.4653749458608931,0.0,0.0,0.0
8.737474949899799,-0.01867,-0.00196,-0.376,0.676,-0.352,-0.0198,-0.016,-0.0008,-0.376,0.676,-0.352,0.016,0.0,0.0,0.0,-0.2,0.0,0.0,0.0,-0.36718796344352383,0.0,0.0,0.4406255561322286,0.0,0.0,0.0
8.75751503006012,-0.01867,-0.00196,-0.376,0.676,-0.352,-0.0198,-0.016,-0.0008,-0.376,0.676,-0.352,0.016,0.0,0.0,0.0,-0.2,0.0,0.0,0.0,-0.345108536855461,0.0,0.0,0.4141302442265532,0.0,0.0,0.0
8.77755511022044,-0.01867,-0.00196,-0.376,0.676,-0.352,-0.0198,-0.016,-0.0008,-0.376,0.676,-0.352,0.016,0.0,0.0,0.0,-0.2,0.0,0.0,0.0,-0.32166166201210533,0.0,0.0,0.38599399441452636,0.0,0.0,0.0
8.797595190380761,-0.01867,-0.00196,-0.376,0.676,-0.352,-0.0198,-0.016,-0.0008,-0.376,0.676,-0.352,0.016,0.0,0.0,0.0,-0.2,0.0,0.0,0.0,-0.29694024414375997,0.0,0.0,0.35632829297251195,0.0,0.0,0.0
8.817635270541082,-0.01867,-0.00196,-0.376,0.676,-0.352,-0.0198,-0.016,-0.0008,-0.376,0.676,-0.352,0.016,0.0,0.0,0.0,-0.2,0.0,0.0,0.0,-0.271042238693779,0.0,0.0,0.3252506864325348,0.0,0.0,0.0
8.837675350701403,-0.01867,-0.00196,-0.376,0.676,-0.352,-0.0198,-0.016,-0.0008,-0.376,0.676,-0.352,0.016,0.0,0.0,0.0,-0.2,0.0,0.0,0.0,-0.24407026318269767,0.0,0.0,0.2928843158192372,0.0,0.0,0.0
8.857715430861724,-0.01867,-0.00196,-0.376,0.676,-0.352,-0.0198,-0.016,-0.0008,-0.376,0.676,-0.352,0.016,0.0,0.0,0.0,-0.2,0.0,0.0,0.0,-0.21613119059949146,0.0,0.0,0.2593574287193897,0.0,0.0,0.0
8.877755511022043,-0.01867,-0.00196,-0.376,0.676,-0.352,-0.0198,-0.016,-0.0008,-0.376,0.676,-0.352,0.016,0.0,0.0,0.0,-0.2,0.0,0.0,0.0,-0.18733572593108325,0.0,0.0,0.22480287111729988,0.0,0.0,0.0
8.897795591182364,-0.01867,-0.00196,-0.376,0.676,-0.352,-0.0198,-0.016,-0.0008,-0.376,0.676,-0.352,0.016,0.0,0.0,0.0,-0.2,0.0,0.0,0.0,-0.15779796750803887,0.0,0.0,0.18935756100964665,0.0,0.0,0.0
8.917835671342685,-0.01867,-0.00196,-0.376,0.676,-0.352,-0.0198,-0.016,-0.0008,-0.376,0.676,-0.352,0.016,0.0,0.0,0.0,-0.2,0.0,0.0,0.0,-0.12763495490460197,0.0,0.0,0.15316194588552237,0.0,0.0,0.0
8.937875751503006,-0.01867,-0.00196,-0.376,0.676,-0.352,-0.0198,-0.016,-0.0008,-0.376,0.676,-0.352,0.016,0.0,0.0,0.0,-0.2,0.0,0.0,0.0,-0.09696620518440441,0.0,0.0,0.11635944622128529,0.0,0.0,0.0
8.957915831663327,-0.01867,-0.00196,-0.376,0.676,-0.352,-0.0198,-0.016,-0.0008,-0.376,0.676,-0.352,0.016,0.0,0.0,0.0,-0.2,0.0,0.0,0.0,-0.06591323932945187,0.0,0.0,0.07909588719534223,0.0,0.0,0.0
8.977955911823647,-0.01867,-0.00196,-0.376,0.676,-0.352,-0.0198,-0.016,-0.0008,-0.376,0.676,-0.352,0.016,0.0,0.0,0.0,-0.2,0.0,0.0,0.0,-0.034599100728836846,0.0,0.0,0.041518920874604216,0.0,0.0,0.0
8.997995991983968,-0.01867,-0.00196,-0.376,0.676,-0.352,-0.0198,-0.016,-0.0008,-0.376,0.676,-0.352,0.016,0.0,0.0,0.0,-0.2,0.0,0.0,0.0,-0.0031478676351178016,0.0,0.0,0.003777441162141362,0.0,0.0,0.0
9.018036072144287,-0.01867,-0.00196,-0.376,0.676,-0.352,-0.0198,-0.016,-0.0008,-0.376,0.676,-0.352,0.016,0.0,0.0,0.0,-0.2,0.0,0.0,0.0,0.028315838479825654,0.0,0.0,-0.033979006175790784,0.0,0.0,0.0
9.038076152304608,-0.01867,-0.00196,-0.376,0.676,-0.352,-0.0198,-0.016,-0.0008,-0.376,0.676,-0.352,0.016,0.0,0.0,0.0,-0.2,0.0,0.0,0.0,0.059667346721373665,0.0,0.0,-0.0716008160656484,0.0,0.0,0.0
9.05811623246493,-0.01867,-0.00196,-0.376,0.676,-0.352,-0.0198,-0.016,-0.0008,-0.376,0.676,-0.352,0.016,0.0,0.0,0.0,-0.2,0.0,0.0,0.0,0.09078243076456577,0.0,0.0,-0.10893891691747892,0.0,0.0,0.0
9.07815631262525,-0.01867,-0.00196,-0.376,0.676,-0.352,-0.0198,-0.016,-0.0008,-0.376,0.676,-0.352,0.016,0.0,0.0,0.0,-0.2,0.0,0.0,0.0,0.12153780108496287,0.0,0.0,-0.14584536130195544,0.0,0.0,0.0
9.098196392785571,-0.01867,-0.00196,-0.376,0.676,-0.352,-0.0198,-0.016,-0.0008,-0.376,0.676,-0.352,0.016,0.0,0.0,0.0,-0.2,0.0,0.0,0.0,0.1518115934775582,0.0,0.0,-0.18217391217306986,0.0,0.0,0.0
9.118236472945892,-0.01867,-0.00196,-0.376,0.676,-0.352,-0.0198,-0.016,-0.0008,-0.376,0.676,-0.352,0.016,0.0,0.0,0.0,-0.2,0.0,0.0,0.0,0.1814838519280319,0.0,0.0,-0.2177806223136383,0.0,0.0,0.0
9.138276553106213,-0.01867,-0.00196,-0.376,0.676,-0.352,-0.0198,-0.016,-0.0008,-0.376,0.676,-0.352,0.016,0.0,0.0,0.0,-0.2,0.0,0.0,0.0,0.2104370039230585,0.0,0.0,-0.2525244047076702,0.0,0.0,0.0
9.158316633266534,-0.01867,-0.00196,-0.376,0.676,-0.352,-0.0198,-0.016,-0.0008,-0.376,0.676,-0.352,0.016,0.0,0.0,0.0,-0.2,0.0,0.0,0.0,0.23855632631628484,0.0,0.0,-0.2862675915795418,0.0,0.0,0.0
9.178356713426853,-0.01867,-0.00196,-0.376,0.676,-0.352,-0.0198,-0.016,-0.0008,-0.376,0.676,-0.352,0.016,0.0,0.0,0.0,-0.2,0.0,0.0,0.0,0.26573039990406777,0.0,0.0,-0.3188764798848813,0.0,0.0,0.0
9.198396793587174,-0.01867,-0.00196,-0.376,0.676,-0.352,-0.0198,-0.016,-0.0008,-0.376,0.676,-0.352,0.016,0.0,0.0,0.0,-0.2,0.0,0.0,0.0,0.29185155090976195,0.0,0.0,-0.3502218610917143,0.0,0.0,0.0
9.218436873747494,-0.01867,-0.00196,-0.376,0.676,-0.352,-0.0198,-0.016,-0.0008,-0.376,0.676,-0.352,0.016,0.0,0.0,0.0,-0.2,0.0,0.0,0.0,0.3168162776272237,0.0,0.0,-0.38017953315266845,0.0,0.0,0.0
9.238476953907815,-0.01867,-0.00196,-0.376,0.676,-0.352,-0.0198,-0.016,-0.0008,-0.376,0.676,-0.352,0.016,0.0,0.0,0.0,-0.2,0.0,0.0,0.0,0.3405256605330323,0.0,0.0,-0.40863079263963875,0.0,0.0,0.0
9.258517034068136,-0.01867,-0.00196,-0.376,0.676,-0.352,-0.0198,-0.016,-0.0008,-0.376,0.676,-0.352,0.016,0.0,0.0,0.0,-0.2,0.0,0.0,0.0,0.3628857542424007,0.0,0.0,-0.43546290509088087,0.0,0.0,0.0
9.278557114228457,-0.01867,-0.00196,-0.376,0.676,-0.352,-0.0198,-0.016,-0.0008,-0.376,0.676,-0.352,0.016,0.0,0.0,0.0,-0.2,0.0,0.0,0.0,0.38380795975569215,0.0,0.0,-0.46056955170683056,0.0,0.0,0.0
9.298597194388778,-0.01867,-0.00196,-0.376,0.676,-0.352,-0.0198,-0.016,-0.0008,-0.376,0.676,-0.352,0.016,0.0,0.0,0.0,-0.2,0.0,0.0,0.0,0.4032093755205825,0.0,0.0,-0.48385125062469897,0.0,0.0,0.0
9.318637274549097,-0.01867,-0.00196,-0.376,0.676,-0.352,-0.0198,-0.016,-0.0008,-0.376,0.676,-0.352,0.016,0.0,0.0,0.0,-0.2,0.0,0.0,0.0,0.42101312591880813,0.0,0.0,-0.5052157511025698,0.0,0.0,0.0
9.338677354709418,-0.01867,-0.00196,-0.376,0.676,-0.352,-0.0198,-0.016,-0.0008,-0.376,0.676,-0.352,0.016,0.0,0.0,0.0,-0.2,0.0,0.0,0.0,0.4371486658759407,0.0,0.0,-0.5245783990511288,0.0,0.0,0.0
9.358717434869739,-0.01867,-0.00196,-0.376,0.676,-0.352,-0.0198,-0.016,-0.0008,-0.376,0.676,-0.352,0.016,0.0,0.0,0.0,-0.2,0.0,0.0,0.0,0.4515520603871712,0.0,0.0,-0.5418624724646054,0.0,0.0,0.0
9.37875751503006,-0.01867,-0.00196,-0.376,0.676,-0.352,-0.0198,-0.016,-0.0008,-0.376,0.676,-0.352,0.016,0.0,0.0,0.0,-0.2,0.0,0.0,0.0,0.4641662378515655,0.0,0.0,-0.5569994854218786,0.0,0.0,0.0
9.39879759519038,-0.01867,-0.00196,-0.376,0.676,-0.352,-0.0198,-0.016,-0.0008,-0.376,0.676,-0.352,0.016,0.0,0.0,0.0,-0.2,0.0,0.0,0.0,0.47494121621094826,0.0,0.0,-0.5699294594531379,0.0,0.0,0.0
9.418837675350701,-0.01867,-0.00196,-0.376,0.676,-0.352,-0.0198,-0.016,-0.0008,-0.376,0.676,-0.352,0.016,0.0,0.0,0.0,-0.2,0.0,0.0,0.0,0.48383430099739233,0.0,0.0,-0.5806011611968708,0.0,0.0,0.0
9.438877755511022,-0.01867,-0.00196,-0.376,0.676,-0.352,-0.0198,-0.016,-0.0008,-0.376,0.676,-0.352,0.016,0.0,0.0,0.0,-0.2,0.0,0.0,0.0,0.4908102545045625,0.0,0.0,-0.588972305405475,0.0,0.0,0.0
9.458917835671341,-0.01867,-0.00196,-0.376,0.676,-0.352,-0.0198,-0.016,-0.0008,-0.376,0.676,-0.352,0.016,0.0,0.0,0.0,-0.2,0.0,0.0,0.0,0.4958414354126019,0.0,0.0,-0.5950097224951223,0.0,0.0,0.0
9.478957915831662,-0.01867,-0.00196,-0.376,0.676,-0.352,-0.0198,-0.016,-0.0008,-0.376,0.676,-0.352,0.016,0.0,0.0,0.0,-0.2,0.0,0.0,0.0,0.4989079083133138,0.0,0.0,-0.5986894899759765,0.0,0.0,0.0
9.498997995991983,-0.01867,-0.00196,-0.376,0.676,-0.352,-0.0198,-0.016,-0.0008,-0.376,0.676,-0.352,0.016,0.0,0.0,0.0,-0.2,0.0,0.0,0.0,0.49999752270165304,0.0,0.0,-0.5999970272419837,0.0,0.0,0.0
9.519038076152304,-0.01867,-0.00196,-0.376,0.676,-0.352,-0.0198,-0.016,-0.0008,-0.376,0.676,-0.352,0.016,0.0,0.0,0.0,-0.2,0.0,0.0,0.0,0.49910596112054406,0.0,0.0,-0.5989271533446529,0.0,0.0,0.0
9.539078156312625,-0.01867,-0.00196,-0.376,0.676,-0.352,-0.0198,-0.016,-0.0008,-0.376,0.676,-0.352,0.016,0.0,0.0,0.0,-0.2,0.0,0.0,0.0,0.4962367562682496,0.0,0.0,-0.5954841075218995,0.0,0.0,0.0
9.559118236472946,-0.01867,-0.00196,-0.376,0.676,-0.352,-0.0198,-0.016,-0.0008,-0.376,0.676,-0.352,0.016,0.0,0.0,0.0,-0.2,0.0,0.0,0.0,0.4914012770005072,0.0,0.0,-0.5896815324006086,0.0,0.0,0.0
9.579158316633267,-0.01867,-0.00196,-0.376,0.676,-0.352,-0.0198,-0.016,-0.0008,-0.376,0.676,-0.352,0.016,0.0,0.0,0.0,-0.2,0.0,0.0,0.0,0.484618683282899,0.0,0.0,-0.5815424199394787,0.0,0.0,0.0
9.599198396793588,-0.01867,-0.00196,-0.376,0.676,-0.352,-0.0198,-0.016,-0.0008,-0.376,0.676,-0.352,0.016,0.0,0.0,0.0,-0.2,0.0,0.0,0.0,0.4759158502719479,0.0,0.0,-0.5710990203263374,0.0,0.0,0.0
9.619238476953907,-0.01867,-0.00196,-0.376,0.676,-0.352,-0.0198,-0.016,-0.0008,-0.376,0.676,-0.352,0.016,0.0,0.0,0.0,-0.2,0.0,0.0,0.0,0.46532726182576384,0.0,0.0,-0.5583927141909166,0.0,0.0,0.0
9.639278557114228,-0.01867,-0.00196,-0.376,0.676,-0.352,-0.0198,-0.016,-0.0008,-0.376,0.676,-0.352,0.016,0.0,0.0,0.0,-0.2,0.0,0.0,0.0,0.452894873866179,0.0,0.0,-0.5434738486394147,0.0,0.0,0.0
9.659318637274549,-0.01867,-0.00196,-0.376,0.676,-0.352,-0.0198,-0.016,-0.0008,-0.376,0.676,-0.352,0.016,0.0,0.0,0.0,-0.2,0.0,0.0,0.0,0.4386679481338038,0.0,0.0,-0.5264015377605645,0.0,0.0,0.0
9.67935871743487,-0.01867,-0.00196,-0.376,0.676,-0.352,-0.0198,-0.016,-0.0008,-0.376,0.676,-0.352,0.016,0.0,0.0,0.0,-0.2,0.0,0.0,0.0,0.42270285699469984,0.0,0.0,-0.5072434283936398,0.0,0.0,0.0
9.69939879759519,-0.01867,-0.00196,-0.376,0.676,-0.352,-0.0198,-0.016,-0.0008,-0.376,0.676,-0.352,0.016,0.0,0.0,0.0,-0.2,0.0,0.0,0.0,0.4050628600721237,0.0,0.0,-0.48607543208654846,0.0,0.0,0.0
9.719438877755511,-0.01867,-0.00196,-0.376,0.676,-0.352,-0.0198,-0.016,-0.0008,-0.376,0.676,-0.352,0.016,0.0,0.0,0.0,-0.2,0.0,0.0,0.0,0.3858178535883904,0.0,0.0,-0.4629814243060684,0.0,0.0,0.0
9.739478957915832,-0.01867,-0.00196,-0.376,0.676,-0.352,-0.0198,-0.016,-0.0008,-0.376,0.676,-0.352,0.016,0.0,0.0,0.0,-0.2,0.0,0.0,0.0,0.36504409341007277,0.0,0.0,-0.4380529120920873,0.0,0.0,0.0
9.759519038076151,-0.01867,-0.00196,-0.376,0.676,-0.352,-0.0198,-0.016,-0.0008,-0.376,0.676,-0.352,0.016,0.0,0.0,0.0,-0.2,0.0,0.0,0.0,0.3428238928939219,0.0,0.0,-0.41138867147270625,0.0,0.0,0.0
9.779559118236472,-0.01867,-0.00196,-0.376,0.676,-0.352,-0.0198,-0.016,-0.0008,-0.376,0.676,-0.352,0.016,0.0,0.0,0.0,-0.2,0.0,0.0,0.0,0.319245296730759,0.0,0.0,-0.38309435607691084,0.0,0.0,0.0
9.799599198396793,-0.01867,-0.00196,-0.376,0.676,-0.352,-0.0198,-0.016,-0.0008,-0.376,0.676,-0.352,0.016,0.0,0.0,0.0,-0.2,0.0,0.0,0.0,0.29440173207970216,0.0,0.0,-0.3532820784956426,0.0,0.0,0.0
9.819639278557114,-0.01867,-0.00196,-0.376,0.676,-0.352,-0.0198,-0.016,-0.0008,-0.376,0.676,-0.352,0.016,0.0,0.0,0.0,-0.2,0.0,0.0,0.0,0.2683916383750445,0.0,0.0,-0.3220699660500534,0.0,0.0,0.0
9.839679358717435,-0.01867,-0.00196,-0.376,0.676,-0.352,-0.0198,-0.016,-0.0008,-0.376,0.676,-0.352,0.016,0.0,0.0,0.0,-0.2,0.0,0.0,0.0,0.24131807727263513,0.0,0.0,-0.28958169272716217,0.0,0.0,0.0
9.859719438877756,-0.01867,-0.00196,-0.376,0.676,-0.352,-0.0198,-0.016,-0.0008,-0.376,0.676,-0.352,0.016,0.0,0.0,0.0,-0.2,0.0,0.0,0.0,0.2132883242813094,0.0,0.0,-0.2559459891375713,0.0,0.0,0.0
9.879759519038076,-0.01867,-0.00196,-0.376,0.676,-0.352,-0.0198,-0.016,-0.0008,-0.376,0.676,-0.352,0.016,0.0,0.0,0.0,-0.2,0.0,0.0,0.0,0.1844134436974565,0.0,0.0,-0.2212961324369478,0.0,0.0,0.0
9.899799599198396,-0.01867,-0.00196,-0.376,0.676,-0.352,-0.0198,-0.016,-0.0008,-0.376,0.676,-0.352,0.016,0.0,0.0,0.0,-0.2,0.0,0.0,0.0,0.15480784852701768,0.0,0.0,-0.1857694182324212,0.0,0.0,0.0
9.919839679358716,-0.01867,-0.00196,-0.376,0.676,-0.352,-0.0198,-0.016,-0.0008,-0.376,0.676,-0.352,0.016,0.0,0.0,0.0,-0.2,0.0,0.0,0.0,0.12458884713862772,0.0,0.0,-0.14950661656635325,0.0,0.0,0.0
9.939879759519037,-0.01867,-0.00196,-0.376,0.676,-0.352,-0.0198,-0.016,-0.0008,-0.376,0.676,-0.352,0.016,0.0,0.0,0.0,-0.2,0.0,0.0,0.0,0.09387617844429162,0.0,0.0,-0.11265141413314994,0.0,0.0,0.0
9.959919839679358,-0.01867,-0.00196,-0.376,0.676,-0.352,-0.0198,-0.016,-0.0008,-0.376,0.676,-0.352,0.016,0.0,0.0,0.0,-0.2,0.0,0.0,0.0,0.06279153744930699,0.0,0.0,-0.07534984493916838,0.0,0.0,0.0
9.97995991983968,-0.01867,-0.00196,-0.376,0.676,-0.352,-0.0198,-0.016,-0.0008,-0.376,0.676,-0.352,0.016,0.0,0.0,0.0,-0.2,0.0,0.0,0.0,0.03145809305144418,0.0,0.0,-0.037749711661733014,0.0,0.0,0.0
10.0,-0.01867,-0.00196,-0.376,0.676,-0.352,-0.0198,-0.016,-0.0008,-0.376,0.676,-0.352,0.016,0.0,0.0,0.0,-0.2,0.0,0.0,0.0,3.061616997868383e-16,0.0,0.0,-3.67394039744206e-16,0.0,0.0,0.0
